id,category,source,target,name,kind,fiat_value,truth_score
mor_5dd3378525,𝓔 Economy,civiliancompany_a96afe7594,household_a93b423e63,purchase/software,purchase,67550.39537225915,31.544817872132082
mor_3b7d075c93,𝓔 Economy,industrialcompany_b9e7e7ea9f,researchcompany_8cbb35a96c,purchase/energy,purchase,17639.04871328471,32.31718560458891
mor_fadc8e21ce,𝓔 Economy,strategiccompany_7a2467bdfc,researchcompany_70e470bc58,purchase/space,purchase,7291.618590956792,25.18626315413843
mor_ffebaee8bb,𝓔 Economy,strategiccompany_b69d5d5e3d,civiliancompany_bf1e233668,purchase/defense,purchase,12324.781979270067,27.453824960258945
mor_b90143d014,𝓔 Economy,industrialcompany_a3a1c6d7d9,researchcompany_eca3d3f756,purchase/luxury,purchase,17298.461439258866,17.94362170531344
mor_aa27d5e38c,𝓔 Economy,mediacompany_d6bbccc427,mediacompany_f84ddd63d1,purchase/culture,purchase,13177.132758638549,18.39967287008069
mor_a7b24b082c,𝓔 Economy,researchcompany_f94b87360b,strategiccompany_b144a84836,purchase/research,purchase,26800.736139810742,30.258287576909233
mor_6173df45bc,𝓔 Economy,industrialcompany_2091ea5b2c,researchcompany_70e470bc58,purchase/semiconductors,purchase,32861.201377742706,26.99698750349259
mor_607c0cb038,𝓔 Economy,industrialcompany_d974c3f78b,mediacompany_937d41076a,purchase/law,purchase,39440.131577865635,29.313756151360398
mor_3ae4e0498d,𝓔 Economy,researchcompany_866560f8af,researchcompany_164bf26971,purchase/education,purchase,20617.926838062896,24.890793835174502
mor_865d52b23e,𝓔 Economy,industrialcompany_b24d18ae96,industrialcompany_c24fe47139,purchase/law,purchase,15600.517171858712,26.570430570020267
mor_ab01125e31,𝓔 Economy,strategiccompany_8ce47e1c6a,civiliancompany_a2d10e1659,purchase/cybersecurity,purchase,21252.2783527293,27.734460690392872
mor_9443253d6f,𝓔 Economy,mediacompany_fb8db67eb3,researchcompany_0fdd7d15f3,purchase/tourism,purchase,62094.22343010756,18.309315792167112
mor_da433ddaa1,𝓔 Economy,strategiccompany_fe823f7c71,household_c71ca87fcb,purchase/housing,purchase,11447.976768915943,23.50034842319309
mor_263440e168,𝓔 Economy,platformcompany_07b00e5834,researchcompany_3582074b84,purchase/food,purchase,56329.31537368279,33.78945044158237
mor_2decb7ffcb,𝓔 Economy,platformcompany_2ba120a974,mediacompany_52edec2f49,purchase/finance,purchase,46469.12445438663,24.071668958335284
mor_5732c4fd47,𝓔 Economy,industrialcompany_a2d89a4f70,strategiccompany_7a2467bdfc,purchase/logistics,purchase,17579.851210670196,22.185490792665846
mor_b3254ab56f,𝓔 Economy,industrialcompany_3337c19f27,household_b6981560cd,purchase/insurance,purchase,13299.491148118792,24.811033504709762
mor_4cf6f3dd2c,𝓔 Economy,platformcompany_1eb0ab6252,household_c6439707c7,purchase/agriculture,purchase,54519.627469924846,24.760382366096334
mor_783b389986,𝓔 Economy,civiliancompany_c696949939,industrialcompany_12529203d6,purchase/housing,purchase,17597.623861048927,23.49236899848262
mor_083fd690a9,𝓔 Economy,strategiccompany_8c877854aa,civiliancompany_87915d0c66,purchase/defense,purchase,66187.02149790117,34.01788716784399
mor_3a1cd31617,𝓔 Economy,researchcompany_8326e196fe,household_0181ecbc80,purchase/biotech,purchase,9979.736652324355,26.799414682090916
mor_9a940f4b95,𝓔 Economy,strategiccompany_29a9d89a42,researchcompany_a5e03fb3b7,purchase/housing,purchase,17949.898208928964,23.47257813359059
mor_9564f7fef8,𝓔 Economy,strategiccompany_4cfce0c2b3,platformcompany_2ba120a974,purchase/mobility,purchase,92825.34067468731,27.55187735696943
mor_ec2f2ddcb4,𝓔 Economy,mediacompany_41a7c3b9b3,industrialcompany_9582e6b00c,purchase/housing,purchase,21981.117589704838,23.483383565624234
mor_d67b315218,𝓔 Economy,strategiccompany_211b32715f,strategiccompany_7a35daa329,purchase/cybersecurity,purchase,22776.858006767136,24.293520385822152
mor_4ba903488a,𝓔 Economy,industrialcompany_99b6ce2766,strategiccompany_e8fc05aa18,purchase/construction,purchase,28215.772845376836,27.721247586744262
mor_64e3638f4f,𝓔 Economy,mediacompany_c04ff6b410,researchcompany_164bf26971,purchase/culture,purchase,48785.89441602709,19.39119076810853
mor_a433f7e083,𝓔 Economy,researchcompany_8cbb35a96c,researchcompany_301cd56569,purchase/education,purchase,10736.855937928083,24.499112301244043
mor_738f8e498f,𝓔 Economy,strategiccompany_415da11436,researchcompany_866560f8af,purchase/space,purchase,11904.32679628134,29.01167419771098
mor_4f1bac5a8a,𝓔 Economy,mediacompany_abb7f30e3d,household_d253b3f944,purchase/culture,purchase,24555.632917059876,19.073809032876618
mor_ef70faa074,𝓔 Economy,mediacompany_fa28d25cb2,mediacompany_f9346a9363,purchase/culture,purchase,27392.46727035969,19.17441558471524
mor_4a8f24d841,𝓔 Economy,industrialcompany_8742713682,mediacompany_8ac13b66d9,purchase/software,purchase,63603.43500384637,30.678318724223423
mor_6e0ef052e5,𝓔 Economy,strategiccompany_e77aa33095,industrialcompany_12529203d6,purchase/defense,purchase,39269.160602389195,31.50799130371801
mor_c7e7a88cb5,𝓔 Economy,industrialcompany_31a4c144bf,platformcompany_892ca7c6a2,purchase/water,purchase,8453.043141396223,21.881752571940456
mor_4e71851d72,𝓔 Economy,civiliancompany_665a41d6ba,industrialcompany_e207a0b801,purchase/mobility,purchase,13998.205073248986,25.774210981822357
mor_8d1431a378,𝓔 Economy,researchcompany_028fb8cf22,industrialcompany_a3a1c6d7d9,purchase/finance,purchase,25284.057870160614,21.891655686920775
mor_2f0ff1b5d4,𝓔 Economy,strategiccompany_0ec6cc4d79,researchcompany_819cab1677,purchase/cybersecurity,purchase,20608.353794644707,26.917813234163855
mor_e58c943e7b,𝓔 Economy,industrialcompany_406db518fb,strategiccompany_f79c15eff2,purchase/energy,purchase,13349.788370439699,26.36098294239481
mor_4c9131a271,𝓔 Economy,researchcompany_b9bfef7083,industrialcompany_ae848a6450,purchase/housing,purchase,1215.1094901730166,19.777763642509726
mor_1cfdaf2005,𝓔 Economy,mediacompany_4ec17cd489,industrialcompany_a23be0fc78,purchase/tourism,purchase,16388.004795123183,16.51752695637293
mor_e3f0f17381,𝓔 Economy,mediacompany_65a0865ae0,civiliancompany_665a41d6ba,purchase/culture,purchase,7124.717739991598,16.503846041919886
mor_3932b8abd0,𝓔 Economy,researchcompany_3582074b84,mediacompany_f84ddd63d1,purchase/education,purchase,14829.786870244756,26.254706384977375
mor_e1daab2283,𝓔 Economy,platformcompany_ec603860da,industrialcompany_b24d18ae96,purchase/luxury,purchase,6131.2860897938945,16.289642489122812
mor_4cfe60d27f,𝓔 Economy,industrialcompany_90b33b55c6,household_8f8758649b,purchase/semiconductors,purchase,9782.61114841391,25.890482857842397
mor_203f236dee,𝓔 Economy,industrialcompany_687f595465,industrialcompany_71816c9a7e,purchase/logistics,purchase,147110.7078117463,24.139728136103184
mor_e03d1953f8,𝓔 Economy,industrialcompany_013f9a5f15,household_c6439707c7,purchase/semiconductors,purchase,81924.91146784864,32.091272456851975
mor_c6ac31771e,𝓔 Economy,industrialcompany_71816c9a7e,industrialcompany_8c91409529,purchase/construction,purchase,97108.65976967591,31.708131593133768
mor_6dba6428e9,𝓔 Economy,mediacompany_a9651b88f4,mediacompany_b1b6ee7fd4,purchase/tourism,purchase,11161.856891655942,16.82111469521251
mor_94fb0ee5ce,𝓔 Economy,industrialcompany_c32633ad9f,mediacompany_8d87eac71d,purchase/mobility,purchase,49660.53581148828,27.760188126058
mor_c8878636d0,𝓔 Economy,researchcompany_b4d45ef053,household_c0e828c3e7,purchase/research,purchase,13528.24743460801,28.257852142698365
mor_4db6914d41,𝓔 Economy,strategiccompany_bfb888fbd9,researchcompany_d1d92cbca8,purchase/space,purchase,130817.82028521251,35.72012826723521
mor_cd03140330,𝓔 Economy,strategiccompany_9c781379ab,strategiccompany_15cfaa023d,purchase/cybersecurity,purchase,24215.433031530076,27.865064549307235
mor_6d1e845521,𝓔 Economy,researchcompany_160af90f3e,civiliancompany_58294b1b4d,purchase/research,purchase,42004.10266720621,29.06172875926817
mor_7ec2ec2965,𝓔 Economy,industrialcompany_5dc1e74cfd,household_7bf3e17e5e,purchase/energy,purchase,15566.297143152171,27.96773789456092
mor_585b092117,𝓔 Economy,industrialcompany_fba3ce485a,industrialcompany_738bceb30b,purchase/construction,purchase,8624.319368480625,24.703996097342216
mor_1dad52fcfb,𝓔 Economy,strategiccompany_b144a84836,industrialcompany_29bc7b4007,purchase/defense,purchase,1371.0014250527192,21.453745074350635
mor_63d9442e1a,𝓔 Economy,industrialcompany_e207a0b801,industrialcompany_90b33b55c6,purchase/insurance,purchase,24218.771914577097,25.69112657461837
mor_6ee00f17ed,𝓔 Economy,strategiccompany_32316a636c,industrialcompany_642b62b5cc,purchase/cybersecurity,purchase,3674.799405010187,25.15865668028271
mor_7aec78264b,𝓔 Economy,mediacompany_d244f26b29,researchcompany_a3abae23c3,purchase/software,purchase,17445.650785610273,26.89729059982938
mor_0ac9f5e8e2,𝓔 Economy,industrialcompany_8e7318e78a,household_0d00087f89,purchase/law,purchase,60405.675794041876,32.6574592725771
mor_4add5c0cea,𝓔 Economy,industrialcompany_a4a7a1a3be,industrialcompany_7f036a3164,purchase/luxury,purchase,6243.952870053355,17.691414019952386
mor_e48e41a771,𝓔 Economy,industrialcompany_ae848a6450,household_b6981560cd,purchase/software,purchase,67344.78234513782,31.800269373884213
mor_c24f7a2d21,𝓔 Economy,industrialcompany_b268b0c095,household_c6439707c7,purchase/software,purchase,128123.95551862945,29.690226927379037
mor_95c5e90ee1,𝓔 Economy,industrialcompany_322bcf7cc3,household_d07b6aa124,purchase/mobility,purchase,34774.842667659475,28.11666389203654
mor_935a180c76,𝓔 Economy,industrialcompany_35be04698a,platformcompany_bb307caacc,purchase/water,purchase,4658.773010165504,23.10026779154876
mor_abef62b5db,𝓔 Economy,mediacompany_0cd229d17f,strategiccompany_2e7207dfb5,purchase/finance,purchase,12726.091047621188,22.260089496889282
mor_253466036f,𝓔 Economy,industrialcompany_0644f5b6c6,industrialcompany_d974c3f78b,purchase/software,purchase,20037.356140945536,24.66774691766903
mor_a936d081c8,𝓔 Economy,strategiccompany_6d9ea5e43a,household_4038fbdb4a,purchase/cybersecurity,purchase,7476.90569605265,23.55111191223314
mor_c539e14f27,𝓔 Economy,industrialcompany_22967107aa,mediacompany_70a9d68845,purchase/water,purchase,143868.75784220354,32.28220132909138
mor_91f6de3df1,𝓔 Economy,industrialcompany_8720f024f1,platformcompany_5f8e429af4,purchase/logistics,purchase,35433.279564956865,24.20519403435626
mor_c23f1cf09a,𝓔 Economy,strategiccompany_e358ea2e02,researchcompany_e43651aa96,purchase/defense,purchase,4255.831285619116,24.982064394238463
mor_94ca08a449,𝓔 Economy,strategiccompany_f79c15eff2,country_dc617e043d,purchase/cybersecurity,purchase,32603.64077317527,30.861245970505713
mor_01a25d9dc9,𝓔 Economy,civiliancompany_eb6069786a,mediacompany_8d87eac71d,purchase/law,purchase,14009.40821542369,30.11725004093085
mor_14e01336a4,𝓔 Economy,strategiccompany_2284f03cb7,household_8f8758649b,purchase/defense,purchase,21149.44260523376,31.855066925493546
mor_db2ac237ca,𝓔 Economy,mediacompany_63b6fc278f,mediacompany_31f461d0e2,purchase/culture,purchase,19992.009044579994,19.017029105397807
mor_49718a0d54,𝓔 Economy,platformcompany_892ca7c6a2,household_649cf1d425,purchase/software,purchase,8630.407426079722,24.99565710172326
mor_337ffe33dd,𝓔 Economy,researchcompany_493031be63,platformcompany_4eb702657d,purchase/biotech,purchase,35822.767393703914,29.91346089198175
mor_08fcfe7468,𝓔 Economy,civiliancompany_498b8df12d,industrialcompany_0644f5b6c6,purchase/agriculture,purchase,34129.27912130691,27.6509741547043
mor_97939aa1ee,𝓔 Economy,mediacompany_937d41076a,researchcompany_4e0c91d6c6,purchase/media,purchase,36606.46424643139,18.426044448909128
mor_0ddb65fc2a,𝓔 Economy,strategiccompany_1f3186069c,household_4038fbdb4a,purchase/defense,purchase,44931.910330564555,32.04701255836891
mor_d08852a5b7,𝓔 Economy,mediacompany_f9346a9363,household_1ee8e7389f,purchase/media,purchase,3961.3448160124335,15.016695838219004
mor_0335c49c47,𝓔 Economy,civiliancompany_ee52bdf532,mediacompany_70a9d68845,purchase/luxury,purchase,9004.128867764788,18.017219935810086
mor_5e96a3d64e,𝓔 Economy,platformcompany_9e5a2cf238,country_d73e0bb472,purchase/health,purchase,16384.351727067147,25.888135239105008
mor_1cfc2840f8,𝓔 Economy,researchcompany_ff6d92f9ea,researchcompany_6a1ce8c6fc,purchase/education,purchase,11942.174985436906,25.68417904482097
mor_37bc006f62,𝓔 Economy,mediacompany_1bfdaf48b6,mediacompany_ca66f14bdf,purchase/food,purchase,18137.62185829087,31.626226697935056
mor_5b579c7c55,𝓔 Economy,researchcompany_dbdcbf80c9,mediacompany_84bf62553b,purchase/research,purchase,27778.145056150108,30.343907761501058
mor_a5d939e5eb,𝓔 Economy,researchcompany_301cd56569,household_a785d1a7cf,purchase/education,purchase,51317.02370641958,26.956001391087014
mor_2403187c9d,𝓔 Economy,researchcompany_a3abae23c3,mediacompany_d4dd7f4828,purchase/education,purchase,142225.71187657103,31.7145576126041
mor_649ed7b88f,𝓔 Economy,strategiccompany_aa15181658,industrialcompany_8720f024f1,purchase/agriculture,purchase,8648.484297257379,22.620599873560103
mor_699894b54b,𝓔 Economy,researchcompany_8a6aecda52,industrialcompany_e50180266c,purchase/food,purchase,176014.7925836634,28.282609250107658
mor_a0f0d11040,𝓔 Economy,civiliancompany_bf1e233668,researchcompany_2af38af3b7,purchase/food,purchase,7657.26037579507,23.074084936097773
mor_d008e2bb79,𝓔 Economy,mutualdefensepact_1a151ea231,country_3bdbcf3342,defense-support,defense,0.0,13.045897223953117
mor_135a1046ab,𝓔 Economy,strategiccompany_e91e7cc571,mediacompany_c168046a8a,purchase/cybersecurity,purchase,9509.47441311096,27.216271395588596
mor_a64e5bf527,𝓔 Economy,mediacompany_049287d6b4,household_782fd6f6a5,purchase/tourism,purchase,40309.19083442341,16.129926446308364
mor_6a023bb904,𝓔 Economy,industrialcompany_f1c83f1cc5,mediacompany_c168046a8a,purchase/construction,purchase,44950.160891500265,31.236620660604462
mor_2857a30f43,𝓔 Economy,civiliancompany_11b8ec275e,household_49a0b26941,purchase/luxury,purchase,40747.63981307439,21.191159566656957
mor_3a85567999,𝓔 Economy,strategiccompany_7a35daa329,strategiccompany_9b43cefc4f,purchase/cybersecurity,purchase,18823.347243299842,26.844226381518165
mor_ad5cc1b777,𝓔 Economy,mediacompany_31f461d0e2,researchcompany_160af90f3e,purchase/media,purchase,6247.923834887356,14.308046526431829
mor_b42a333250,𝓔 Economy,mediacompany_26510927a9,researchcompany_81f52a5c2a,purchase/tourism,purchase,21582.247462561816,15.931882977544197
mor_bd99f2cea2,𝓔 Economy,industrialcompany_b5f880af81,mediacompany_5ddbece253,purchase/insurance,purchase,4581.665295050773,21.8633136847076
mor_6bb28dc38f,𝓔 Economy,platformcompany_77789f76dd,strategiccompany_0ec6cc4d79,purchase/health,purchase,121430.03958765566,34.89073575635008
mor_2b91376b88,𝓔 Economy,mediacompany_c168046a8a,household_f8d35e3344,purchase/insurance,purchase,4158.051315550067,19.374657156878474
mor_4138cce7aa,𝓔 Economy,strategiccompany_051532bb5a,mediacompany_84bf62553b,purchase/defense,purchase,43102.60453827242,29.59406774746002
mor_a397ccd954,𝓔 Economy,industrialcompany_dadd0276fd,civiliancompany_87915d0c66,purchase/logistics,purchase,5632.391443073096,18.93733060240173
mor_e74fbc633f,𝓔 Economy,industrialcompany_0e37fabacf,mediacompany_b1b6ee7fd4,purchase/agriculture,purchase,9836.065477738615,21.10617548803795
mor_952f177d57,𝓔 Economy,industrialcompany_6eb8b0b2a1,household_81e0afec5a,purchase/construction,purchase,22925.243137918707,29.059455897825263
mor_a74dec7acf,𝓔 Economy,maritimesecurityleague_03e048cf6d,country_3bdbcf3342,defense-support,defense,0.0,14.972936140398694
mor_45b7ceab55,𝓣 Truth,commercialbank_1fbce6eb4e,platformcompany_74f91b2ddd,audit,audit,0.0,8.790775302257213
mor_8b84f6ab24,𝓣 Truth,country_41e160286b,strategiccompany_7ca3670a9c,audit,audit,0.0,10.734683418130636
mor_f06e39e8fe,𝓣 Truth,centralbank_6e03ef4db7,industrialcompany_ad58a5a5ac,audit,audit,0.0,12.390143166975506
mor_0a9da5b9b5,𝓣 Truth,developmentbank_ca5b36d442,industrialcompany_19c2e8aa89,audit,audit,0.0,11.436652072062731
mor_8c1be0c7f1,𝓣 Truth,unitednations_b43a2fac48,country_a6041c9fe3,audit,audit,0.0,32.225473122597656
mor_794ed63d0d,𝓣 Truth,cyberdefensecompact_54201e7087,researchcompany_70e470bc58,audit,audit,0.0,10.499340661094578
mor_3393edc2bc,𝓣 Truth,investmentbank_f4d1487bd4,researchcompany_165a49ce67,audit,audit,0.0,11.697959181186343
mor_62561a8d28,𝓣 Truth,investmentbank_5f84704ab6,researchcompany_7dab23bc90,audit,audit,0.0,11.502477343774908
mor_9e269d9d19,𝓣 Truth,developmentbank_7f4dee3d10,industrialcompany_dd51aacd91,audit,audit,0.0,11.12598826225611
mor_cebef4fcb9,𝓣 Truth,investmentbank_00a76957da,platformcompany_ab1be3d2cd,audit,audit,0.0,9.733544934753013
mor_4a4d310415,𝓣 Truth,maritimesecurityleague_c13e2d4ed4,researchcompany_fae84e3531,audit,audit,0.0,12.134314100096951
mor_f9e68a1fd5,𝓣 Truth,country_3e20bc8f1f,platformcompany_07b00e5834,audit,audit,0.0,11.071570913214147
mor_084f363c64,𝓣 Truth,centralbank_92880c73fe,civiliancompany_a96afe7594,audit,audit,0.0,13.45170077719391
mor_8f7095f362,𝓣 Truth,industrialcompany_d974c3f78b,mediacompany_937d41076a,F(purchase/law),purchase,39440.131577865635,33.128241525178986
mor_b3bea96978,𝓣 Truth,researchcompany_866560f8af,researchcompany_164bf26971,F(purchase/education),purchase,20617.926838062896,28.471491415436752
mor_754c1d63ee,𝓣 Truth,industrialcompany_b24d18ae96,industrialcompany_c24fe47139,F(purchase/law),purchase,15600.517171858712,30.050619815091082
mor_3eff573382,𝓣 Truth,strategiccompany_8ce47e1c6a,civiliancompany_a2d10e1659,F(purchase/cybersecurity),purchase,21252.2783527293,31.326080527925235
mor_0b262b295c,𝓣 Truth,mediacompany_fb8db67eb3,researchcompany_0fdd7d15f3,F(purchase/tourism),purchase,62094.22343010756,22.287394948250054
mor_770769c23b,𝓣 Truth,strategiccompany_fe823f7c71,household_c71ca87fcb,F(purchase/housing),purchase,11447.976768915943,26.868989998569415
mor_8d78d52999,𝓣 Truth,platformcompany_07b00e5834,researchcompany_3582074b84,F(purchase/food),purchase,56329.31537368279,37.732408713240474
mor_3a1c2f0174,𝓣 Truth,platformcompany_2ba120a974,mediacompany_52edec2f49,F(purchase/finance),purchase,46469.12445438663,27.94526827662741
mor_b1770d8a2a,𝓣 Truth,industrialcompany_a2d89a4f70,strategiccompany_7a2467bdfc,F(purchase/logistics),purchase,17579.851210670196,25.708732959340388
mor_5a3a0a69cf,𝓣 Truth,industrialcompany_3337c19f27,household_b6981560cd,F(purchase/insurance),purchase,13299.491148118792,28.23370675212352
mor_0612353d80,𝓣 Truth,platformcompany_1eb0ab6252,household_c6439707c7,F(purchase/agriculture),purchase,54519.627469924846,28.691570598676904
mor_5cfef43a3b,𝓣 Truth,civiliancompany_c696949939,industrialcompany_12529203d6,F(purchase/housing),purchase,17597.623861048927,27.01597536344954
mor_e19dcf6aa0,𝓣 Truth,strategiccompany_8c877854aa,civiliancompany_87915d0c66,F(purchase/defense),purchase,66187.02149790117,38.01897400380404
mor_d6d67925db,𝓣 Truth,researchcompany_8326e196fe,household_0181ecbc80,F(purchase/biotech),purchase,9979.736652324355,30.11858685216993
mor_a1e6595e31,𝓣 Truth,strategiccompany_29a9d89a42,researchcompany_a5e03fb3b7,F(purchase/housing),purchase,17949.898208928964,27.003328417112353
mor_69a81405f0,𝓣 Truth,strategiccompany_4cfce0c2b3,platformcompany_2ba120a974,F(purchase/mobility),purchase,92825.34067468731,31.67487953545553
mor_fe05528c7f,𝓣 Truth,mediacompany_41a7c3b9b3,industrialcompany_9582e6b00c,F(purchase/housing),purchase,21981.117589704838,27.08715710207051
mor_52ae4de3be,𝓣 Truth,strategiccompany_211b32715f,strategiccompany_7a35daa329,F(purchase/cybersecurity),purchase,22776.858006767136,27.91011139380303
mor_ffe6aa9fbd,𝓣 Truth,industrialcompany_99b6ce2766,strategiccompany_e8fc05aa18,F(purchase/construction),purchase,28215.772845376836,31.415020909353355
mor_578d218d6a,𝓣 Truth,mediacompany_c04ff6b410,researchcompany_164bf26971,F(purchase/culture),purchase,48785.89441602709,23.282326735298852
mor_ad78f6dd11,𝓣 Truth,researchcompany_8cbb35a96c,researchcompany_301cd56569,F(purchase/education),purchase,10736.855937928083,27.844640047391337
mor_ab89a56fb3,𝓣 Truth,strategiccompany_415da11436,researchcompany_866560f8af,F(purchase/space),purchase,11904.32679628134,32.394404166452794
mor_16bbcaeaaf,𝓣 Truth,mediacompany_abb7f30e3d,household_d253b3f944,F(purchase/culture),purchase,24555.632917059876,22.717503384245692
mor_cf04525298,𝓣 Truth,mediacompany_fa28d25cb2,mediacompany_f9346a9363,F(purchase/culture),purchase,27392.46727035969,22.857515255182125
mor_6d417f4656,𝓣 Truth,industrialcompany_8742713682,mediacompany_8ac13b66d9,F(purchase/software),purchase,63603.43500384637,34.66505377421755
mor_3a18bd68b4,𝓣 Truth,strategiccompany_e77aa33095,industrialcompany_12529203d6,F(purchase/defense),purchase,39269.160602389195,35.320910788238514
mor_151e5bacbb,𝓣 Truth,industrialcompany_31a4c144bf,platformcompany_892ca7c6a2,F(purchase/water),purchase,8453.043141396223,25.141085682286285
mor_4cfaec81a7,𝓣 Truth,civiliancompany_665a41d6ba,industrialcompany_e207a0b801,F(purchase/mobility),purchase,13998.205073248986,29.2153391194854
mor_ea342df5f6,𝓣 Truth,researchcompany_028fb8cf22,industrialcompany_a3a1c6d7d9,F(purchase/finance),purchase,25284.057870160614,25.545886577728332
mor_df0c92032f,𝓣 Truth,strategiccompany_0ec6cc4d79,researchcompany_819cab1677,F(purchase/cybersecurity),purchase,20608.353794644707,30.49834342429927
mor_beb273a00b,𝓣 Truth,industrialcompany_406db518fb,strategiccompany_f79c15eff2,F(purchase/energy),purchase,13349.788370439699,29.78501669899514
mor_4913178999,𝓣 Truth,researchcompany_b9bfef7083,industrialcompany_ae848a6450,F(purchase/housing),purchase,1215.1094901730166,22.338188533858613
mor_c6b3128362,𝓣 Truth,mediacompany_4ec17cd489,industrialcompany_a23be0fc78,F(purchase/tourism),purchase,16388.004795123183,20.015465662922683
mor_7c83e4b64d,𝓣 Truth,mediacompany_65a0865ae0,civiliancompany_665a41d6ba,F(purchase/culture),purchase,7124.717739991598,19.701565866281147
mor_b61cb98391,𝓣 Truth,researchcompany_3582074b84,mediacompany_f84ddd63d1,F(purchase/education),purchase,14829.786870244756,29.716634169708083
mor_8129230db5,𝓣 Truth,platformcompany_ec603860da,industrialcompany_b24d18ae96,F(purchase/luxury),purchase,6131.2860897938945,19.433243326308695
mor_107a850bd4,𝓣 Truth,industrialcompany_90b33b55c6,household_8f8758649b,F(purchase/semiconductors),purchase,9782.61114841391,29.202464682476528
mor_911c439f3f,𝓣 Truth,industrialcompany_687f595465,industrialcompany_71816c9a7e,F(purchase/logistics),purchase,147110.7078117463,28.42870376040804
mor_60e7f04fec,𝓣 Truth,industrialcompany_013f9a5f15,household_c6439707c7,F(purchase/semiconductors),purchase,81924.91146784864,36.16924897931292
mor_f37b5ee1d3,𝓣 Truth,industrialcompany_71816c9a7e,industrialcompany_8c91409529,F(purchase/construction),purchase,97108.65976967591,35.84739381892263
mor_3f04c232ff,𝓣 Truth,mediacompany_a9651b88f4,mediacompany_b1b6ee7fd4,F(purchase/tourism),purchase,11161.856891655942,20.18063384238934
mor_3d3f979583,𝓣 Truth,industrialcompany_c32633ad9f,mediacompany_8d87eac71d,F(purchase/mobility),purchase,49660.53581148828,31.65772892439238
mor_b2252c705d,𝓣 Truth,researchcompany_b4d45ef053,household_c0e828c3e7,F(purchase/research),purchase,13528.24743460801,31.686672091941865
mor_40b55d025f,𝓣 Truth,strategiccompany_bfb888fbd9,researchcompany_d1d92cbca8,F(purchase/space),purchase,130817.82028521251,39.966794666808134
mor_2ad7dcbb79,𝓣 Truth,strategiccompany_9c781379ab,strategiccompany_15cfaa023d,F(purchase/cybersecurity),purchase,24215.433031530076,31.503730427067033
mor_3ad097c1a4,𝓣 Truth,researchcompany_160af90f3e,civiliancompany_58294b1b4d,F(purchase/research),purchase,42004.10266720621,32.898915952646476
mor_bcebecd619,𝓣 Truth,industrialcompany_5dc1e74cfd,household_7bf3e17e5e,F(purchase/energy),purchase,15566.297143152171,31.447135668119305
mor_7b4400c1cb,𝓣 Truth,industrialcompany_fba3ce485a,industrialcompany_738bceb30b,F(purchase/construction),purchase,8624.319368480625,27.970558820113187
mor_ac7a35f1b2,𝓣 Truth,strategiccompany_b144a84836,industrialcompany_29bc7b4007,F(purchase/defense),purchase,1371.0014250527192,24.057645190885008
mor_168fa32a06,𝓣 Truth,industrialcompany_e207a0b801,industrialcompany_90b33b55c6,F(purchase/insurance),purchase,24218.771914577097,29.329842146626408
mor_b1fcbbc747,𝓣 Truth,strategiccompany_32316a636c,industrialcompany_642b62b5cc,F(purchase/cybersecurity),purchase,3674.799405010187,28.11778029568289
mor_f441ac877b,𝓣 Truth,mediacompany_d244f26b29,researchcompany_a3abae23c3,F(purchase/software),purchase,17445.650785610273,30.41777077794401
mor_02516e1534,𝓣 Truth,industrialcompany_8e7318e78a,household_0d00087f89,F(purchase/law),purchase,60405.675794041876,36.62560102279842
mor_1715d9d079,𝓣 Truth,industrialcompany_a4a7a1a3be,industrialcompany_7f036a3164,F(purchase/luxury),purchase,6243.952870053355,20.84157720319927
mor_660ff522cf,𝓣 Truth,industrialcompany_ae848a6450,household_b6981560cd,F(purchase/software),purchase,67344.78234513782,35.80760669238316
mor_f9fc1d8a7e,𝓣 Truth,industrialcompany_b268b0c095,household_c6439707c7,F(purchase/software),purchase,128123.95551862945,33.929393331368914
mor_ab41839092,𝓣 Truth,industrialcompany_322bcf7cc3,household_d07b6aa124,F(purchase/mobility),purchase,34774.842667659475,31.88577356670621
mor_134814380c,𝓣 Truth,industrialcompany_35be04698a,platformcompany_bb307caacc,F(purchase/water),purchase,4658.773010165504,26.14488874209643
mor_4e07dfcc7a,𝓣 Truth,mediacompany_0cd229d17f,strategiccompany_2e7207dfb5,F(purchase/finance),purchase,12726.091047621188,25.666878401948633
mor_5007e53705,𝓣 Truth,industrialcompany_0644f5b6c6,industrialcompany_d974c3f78b,F(purchase/software),purchase,20037.356140945536,28.238149617512505
mor_c183810cf1,𝓣 Truth,strategiccompany_6d9ea5e43a,household_4038fbdb4a,F(purchase/cybersecurity),purchase,7476.90569605265,26.766220676911395
mor_dac17f193c,𝓣 Truth,industrialcompany_22967107aa,mediacompany_70a9d68845,F(purchase/water),purchase,143868.75784220354,36.56314476330997
mor_fe1109f091,𝓣 Truth,industrialcompany_8720f024f1,platformcompany_5f8e429af4,F(purchase/logistics),purchase,35433.279564956865,27.981064572849217
mor_6bb7fb4ec1,𝓣 Truth,strategiccompany_e358ea2e02,researchcompany_e43651aa96,F(purchase/defense),purchase,4255.831285619116,27.99408564020271
mor_68797881f2,𝓣 Truth,strategiccompany_f79c15eff2,country_dc617e043d,F(purchase/cybersecurity),purchase,32603.64077317527,34.607118033368536
mor_1a302aa9d2,𝓣 Truth,civiliancompany_eb6069786a,mediacompany_8d87eac71d,F(purchase/law),purchase,14009.40821542369,33.55866652051212
mor_4bf0d8a048,𝓣 Truth,strategiccompany_2284f03cb7,household_8f8758649b,F(purchase/defense),purchase,21149.44260523376,35.444938462781664
mor_c599c58636,𝓣 Truth,mediacompany_63b6fc278f,mediacompany_31f461d0e2,F(purchase/culture),purchase,19992.009044579994,22.586615177189717
mor_ba72f8528e,𝓣 Truth,platformcompany_892ca7c6a2,household_649cf1d425,F(purchase/software),purchase,8630.407426079722,28.262474153195004
mor_9628d8d950,𝓣 Truth,researchcompany_493031be63,platformcompany_4eb702657d,F(purchase/biotech),purchase,35822.767393703914,33.69327182154595
mor_9b513c26bc,𝓣 Truth,civiliancompany_498b8df12d,industrialcompany_0644f5b6c6,F(purchase/agriculture),purchase,34129.27912130691,31.4133297070206
mor_e8e06de1c2,𝓣 Truth,mediacompany_937d41076a,researchcompany_4e0c91d6c6,F(purchase/media),purchase,36606.46424643139,22.213655730569037
mor_b09ae809f9,𝓣 Truth,strategiccompany_1f3186069c,household_4038fbdb4a,F(purchase/defense),purchase,44931.910330564555,35.90848665387384
mor_1c7e7751e9,𝓣 Truth,mediacompany_f9346a9363,household_1ee8e7389f,F(purchase/media),purchase,3961.3448160124335,18.002876755819617
mor_4117298377,𝓣 Truth,civiliancompany_ee52bdf532,mediacompany_70a9d68845,F(purchase/luxury),purchase,9004.128867764788,21.299315277666988
mor_00eb970fba,𝓣 Truth,platformcompany_9e5a2cf238,country_d73e0bb472,F(purchase/health),purchase,16384.351727067147,29.38599359329847
mor_48f3193910,𝓣 Truth,researchcompany_ff6d92f9ea,researchcompany_6a1ce8c6fc,F(purchase/education),purchase,11942.174985436906,29.068053101468976
mor_e52d682386,𝓣 Truth,mediacompany_1bfdaf48b6,mediacompany_ca66f14bdf,F(purchase/food),purchase,18137.62185829087,35.16072685674258
mor_f980c00517,𝓣 Truth,researchcompany_dbdcbf80c9,mediacompany_84bf62553b,F(purchase/research),purchase,27778.145056150108,34.03204688239375
mor_b0cffe3071,𝓣 Truth,researchcompany_301cd56569,household_a785d1a7cf,F(purchase/education),purchase,51317.02370641958,30.865369031029587
mor_b10401e4c8,𝓣 Truth,researchcompany_a3abae23c3,mediacompany_d4dd7f4828,F(purchase/education),purchase,142225.71187657103,35.99136088787542
mor_9d633b369a,𝓣 Truth,strategiccompany_aa15181658,industrialcompany_8720f024f1,F(purchase/agriculture),purchase,8648.484297257379,25.888171030861216
mor_80526af7c2,𝓣 Truth,researchcompany_8a6aecda52,industrialcompany_e50180266c,F(purchase/food),purchase,176014.7925836634,32.63624293836806
mor_2c42c73dc2,𝓣 Truth,civiliancompany_bf1e233668,researchcompany_2af38af3b7,F(purchase/food),purchase,7657.26037579507,26.29778397666088
mor_64482de638,𝓣 Truth,mutualdefensepact_1a151ea231,country_3bdbcf3342,F(defense-support),defense,0.0,13.045897223953117
mor_0d88ba97d1,𝓣 Truth,strategiccompany_e91e7cc571,mediacompany_c168046a8a,F(purchase/cybersecurity),purchase,9509.47441311096,30.5180471170588
mor_f7e4b2b48f,𝓣 Truth,mediacompany_049287d6b4,household_782fd6f6a5,F(purchase/tourism),purchase,40309.19083442341,19.95226786062146
mor_9d4e7d992e,𝓣 Truth,industrialcompany_f1c83f1cc5,mediacompany_c168046a8a,F(purchase/construction),purchase,44950.160891500265,35.09824113165047
mor_54b3da2888,𝓣 Truth,civiliancompany_11b8ec275e,household_49a0b26941,F(purchase/luxury),purchase,40747.63981307439,25.017400382784636
mor_3bdb04b780,𝓣 Truth,strategiccompany_7a35daa329,strategiccompany_9b43cefc4f,F(purchase/cybersecurity),purchase,18823.347243299842,30.392101985135277
mor_b08fd69a16,𝓣 Truth,mediacompany_31f461d0e2,researchcompany_160af90f3e,F(purchase/media),purchase,6247.923834887356,17.45843883541069
mor_60a42101aa,𝓣 Truth,mediacompany_26510927a9,researchcompany_81f52a5c2a,F(purchase/tourism),purchase,21582.247462561816,19.52905600669893
mor_72e27fc8f1,𝓣 Truth,industrialcompany_b5f880af81,mediacompany_5ddbece253,F(purchase/insurance),purchase,4581.665295050773,24.901920178928794
mor_931245fb0f,𝓣 Truth,platformcompany_77789f76dd,strategiccompany_0ec6cc4d79,F(purchase/health),purchase,121430.03958765566,39.11056060204185
mor_3bfa612db0,𝓣 Truth,mediacompany_c168046a8a,household_f8d35e3344,F(purchase/insurance),purchase,4158.051315550067,22.37830224602017
mor_fe07c8b8f2,𝓣 Truth,strategiccompany_051532bb5a,mediacompany_84bf62553b,F(purchase/defense),purchase,43102.60453827242,33.44056014596349
mor_10d96441c2,𝓣 Truth,industrialcompany_dadd0276fd,civiliancompany_87915d0c66,F(purchase/logistics),purchase,5632.391443073096,22.050345106429294
mor_ef8a40ede8,𝓣 Truth,industrialcompany_0e37fabacf,mediacompany_b1b6ee7fd4,F(purchase/agriculture),purchase,9836.065477738615,24.42012132859695
mor_6b6328c7a5,𝓣 Truth,industrialcompany_6eb8b0b2a1,household_81e0afec5a,F(purchase/construction),purchase,22925.243137918707,32.67838742261361
mor_a3071cd799,𝓣 Truth,maritimesecurityleague_03e048cf6d,country_3bdbcf3342,F(defense-support),defense,0.0,14.972936140398694
mor_45b7ceab55,𝓛 Law,commercialbank_1fbce6eb4e,platformcompany_74f91b2ddd,audit,audit,0.0,8.790775302257213
mor_8b84f6ab24,𝓛 Law,country_41e160286b,strategiccompany_7ca3670a9c,audit,audit,0.0,10.734683418130636
mor_f06e39e8fe,𝓛 Law,centralbank_6e03ef4db7,industrialcompany_ad58a5a5ac,audit,audit,0.0,12.390143166975506
mor_0a9da5b9b5,𝓛 Law,developmentbank_ca5b36d442,industrialcompany_19c2e8aa89,audit,audit,0.0,11.436652072062731
mor_8c1be0c7f1,𝓛 Law,unitednations_b43a2fac48,country_a6041c9fe3,audit,audit,0.0,32.225473122597656
mor_794ed63d0d,𝓛 Law,cyberdefensecompact_54201e7087,researchcompany_70e470bc58,audit,audit,0.0,10.499340661094578
mor_3393edc2bc,𝓛 Law,investmentbank_f4d1487bd4,researchcompany_165a49ce67,audit,audit,0.0,11.697959181186343
mor_62561a8d28,𝓛 Law,investmentbank_5f84704ab6,researchcompany_7dab23bc90,audit,audit,0.0,11.502477343774908
mor_9e269d9d19,𝓛 Law,developmentbank_7f4dee3d10,industrialcompany_dd51aacd91,audit,audit,0.0,11.12598826225611
mor_cebef4fcb9,𝓛 Law,investmentbank_00a76957da,platformcompany_ab1be3d2cd,audit,audit,0.0,9.733544934753013
mor_4a4d310415,𝓛 Law,maritimesecurityleague_c13e2d4ed4,researchcompany_fae84e3531,audit,audit,0.0,12.134314100096951
mor_f9e68a1fd5,𝓛 Law,country_3e20bc8f1f,platformcompany_07b00e5834,audit,audit,0.0,11.071570913214147
mor_084f363c64,𝓛 Law,centralbank_92880c73fe,civiliancompany_a96afe7594,audit,audit,0.0,13.45170077719391
mor_0fe940a64d,𝓛 Law,industrialcompany_d974c3f78b,mediacompany_937d41076a,L(purchase/law),purchase,39440.131577865635,23.525419565249695
mor_7d1f3f6554,𝓛 Law,researchcompany_866560f8af,researchcompany_164bf26971,L(purchase/education),purchase,20617.926838062896,4.9831037633999244
mor_acdc83ea49,𝓛 Law,industrialcompany_b24d18ae96,industrialcompany_c24fe47139,L(purchase/law),purchase,15600.517171858712,21.35930884631954
mor_86ec3dc58a,𝓛 Law,strategiccompany_8ce47e1c6a,civiliancompany_a2d10e1659,L(purchase/cybersecurity),purchase,21252.2783527293,5.252668932917322
mor_7c802b9051,𝓛 Law,mediacompany_fb8db67eb3,researchcompany_0fdd7d15f3,L(purchase/tourism),purchase,62094.22343010756,1.933971276845664
mor_dfea4f95f3,𝓛 Law,strategiccompany_fe823f7c71,household_c71ca87fcb,L(purchase/housing),purchase,11447.976768915943,9.237640695504618
mor_b7792c1f01,𝓛 Law,platformcompany_07b00e5834,researchcompany_3582074b84,L(purchase/food),purchase,56329.31537368279,2.0314452981951496
mor_247ae9abae,𝓛 Law,platformcompany_2ba120a974,mediacompany_52edec2f49,L(purchase/finance),purchase,46469.12445438663,1.8991134048901988
mor_a73fe24bc6,𝓛 Law,industrialcompany_a2d89a4f70,strategiccompany_7a2467bdfc,L(purchase/logistics),purchase,17579.851210670196,1.8476227140169126
mor_9c848d2ad0,𝓛 Law,industrialcompany_3337c19f27,household_b6981560cd,L(purchase/insurance),purchase,13299.491148118792,9.520652256397664
mor_7373eb1975,𝓛 Law,platformcompany_1eb0ab6252,household_c6439707c7,L(purchase/agriculture),purchase,54519.627469924846,1.8564082577903394
mor_3e579ef067,𝓛 Law,civiliancompany_c696949939,industrialcompany_12529203d6,L(purchase/housing),purchase,17597.623861048927,9.249133038910745
mor_b1e4643724,𝓛 Law,strategiccompany_8c877854aa,civiliancompany_87915d0c66,L(purchase/defense),purchase,66187.02149790117,12.850901518897187
mor_492c447803,𝓛 Law,researchcompany_8326e196fe,household_0181ecbc80,L(purchase/biotech),purchase,9979.736652324355,5.789251727240594
mor_445e1bb53b,𝓛 Law,strategiccompany_29a9d89a42,researchcompany_a5e03fb3b7,L(purchase/housing),purchase,17949.898208928964,9.239644408012452
mor_975c5e3fb8,𝓛 Law,strategiccompany_4cfce0c2b3,platformcompany_2ba120a974,L(purchase/mobility),purchase,92825.34067468731,1.9431924195801036
mor_94951ae0ef,𝓛 Law,mediacompany_41a7c3b9b3,industrialcompany_9582e6b00c,L(purchase/housing),purchase,21981.117589704838,9.252091216265374
mor_bc5e473e76,𝓛 Law,strategiccompany_211b32715f,strategiccompany_7a35daa329,L(purchase/cybersecurity),purchase,22776.858006767136,4.752209333689117
mor_2a17379683,𝓛 Law,industrialcompany_99b6ce2766,strategiccompany_e8fc05aa18,L(purchase/construction),purchase,28215.772845376836,1.8428160149918462
mor_71a10b06f7,𝓛 Law,mediacompany_c04ff6b410,researchcompany_164bf26971,L(purchase/culture),purchase,48785.89441602709,1.919679968681585
mor_104ea34afa,𝓛 Law,researchcompany_8cbb35a96c,researchcompany_301cd56569,L(purchase/education),purchase,10736.855937928083,4.912713133088042
mor_0d02bfb6ce,𝓛 Law,strategiccompany_415da11436,researchcompany_866560f8af,L(purchase/space),purchase,11904.32679628134,14.513109800034877
mor_4e71bd9bf0,𝓛 Law,mediacompany_abb7f30e3d,household_d253b3f944,L(purchase/culture),purchase,24555.632917059876,1.9052530499579214
mor_a8c52107e5,𝓛 Law,mediacompany_fa28d25cb2,mediacompany_f9346a9363,L(purchase/culture),purchase,27392.46727035969,1.909637561818212
mor_d1dcc6e33d,𝓛 Law,industrialcompany_8742713682,mediacompany_8ac13b66d9,L(purchase/software),purchase,63603.43500384637,1.9355601063963288
mor_ebeb53178a,𝓛 Law,strategiccompany_e77aa33095,industrialcompany_12529203d6,L(purchase/defense),purchase,39269.160602389195,11.977001845656028
mor_557d03ceda,𝓛 Law,industrialcompany_31a4c144bf,platformcompany_892ca7c6a2,L(purchase/water),purchase,8453.043141396223,1.7534282068557248
mor_f692f80cf6,𝓛 Law,civiliancompany_665a41d6ba,industrialcompany_e207a0b801,L(purchase/mobility),purchase,13998.205073248986,1.8905390062124836
mor_ba8fb2f714,𝓛 Law,researchcompany_028fb8cf22,industrialcompany_a3a1c6d7d9,L(purchase/finance),purchase,25284.057870160614,1.834106735148358
mor_a75c3228fc,𝓛 Law,strategiccompany_0ec6cc4d79,researchcompany_819cab1677,L(purchase/cybersecurity),purchase,20608.353794644707,5.134335440253872
mor_730478e183,𝓛 Law,industrialcompany_406db518fb,strategiccompany_f79c15eff2,L(purchase/energy),purchase,13349.788370439699,1.8071773643264044
mor_2b0cf4ef95,𝓛 Law,researchcompany_b9bfef7083,industrialcompany_ae848a6450,L(purchase/housing),purchase,1215.1094901730166,7.868142822435466
mor_584e19136d,𝓛 Law,mediacompany_4ec17cd489,industrialcompany_a23be0fc78,L(purchase/tourism),purchase,16388.004795123183,1.856402519953388
mor_a3d0f4a206,𝓛 Law,mediacompany_65a0865ae0,civiliancompany_665a41d6ba,L(purchase/culture),purchase,7124.717739991598,1.8055802594477925
mor_502ac02b5b,𝓛 Law,researchcompany_3582074b84,mediacompany_f84ddd63d1,L(purchase/education),purchase,14829.786870244756,5.185897711446325
mor_ef8a116265,𝓛 Law,platformcompany_ec603860da,industrialcompany_b24d18ae96,L(purchase/luxury),purchase,6131.2860897938945,1.7668481269157996
mor_8cadd75b3b,𝓛 Law,industrialcompany_90b33b55c6,household_8f8758649b,L(purchase/semiconductors),purchase,9782.61114841391,1.8281458203041265
mor_714ef5952e,𝓛 Law,industrialcompany_687f595465,industrialcompany_71816c9a7e,L(purchase/logistics),purchase,147110.7078117463,1.9108883574315596
mor_386dbe8be6,𝓛 Law,industrialcompany_013f9a5f15,household_c6439707c7,L(purchase/semiconductors),purchase,81924.91146784864,1.9847192793769937
mor_f5da0d3544,𝓛 Law,industrialcompany_71816c9a7e,industrialcompany_8c91409529,L(purchase/construction),purchase,97108.65976967591,1.9381922975705568
mor_c20f00bd81,𝓛 Law,mediacompany_a9651b88f4,mediacompany_b1b6ee7fd4,L(purchase/tourism),purchase,11161.856891655942,1.8674989384399354
mor_41e39138d9,𝓛 Law,industrialcompany_c32633ad9f,mediacompany_8d87eac71d,L(purchase/mobility),purchase,49660.53581148828,1.9477795489237995
mor_16e2380a78,𝓛 Law,researchcompany_b4d45ef053,household_c0e828c3e7,L(purchase/research),purchase,13528.24743460801,7.181851303401979
mor_5717197fec,𝓛 Law,strategiccompany_bfb888fbd9,researchcompany_d1d92cbca8,L(purchase/space),purchase,130817.82028521251,17.71379596610005
mor_ba53ea4dd9,𝓛 Law,strategiccompany_9c781379ab,strategiccompany_15cfaa023d,L(purchase/cybersecurity),purchase,24215.433031530076,5.275845352161424
mor_4b18d8a912,𝓛 Law,researchcompany_160af90f3e,civiliancompany_58294b1b4d,L(purchase/research),purchase,42004.10266720621,7.375618734804386
mor_3deabef67f,𝓛 Law,industrialcompany_5dc1e74cfd,household_7bf3e17e5e,L(purchase/energy),purchase,15566.297143152171,1.8446914710591853
mor_23a9d19681,𝓛 Law,industrialcompany_fba3ce485a,industrialcompany_738bceb30b,L(purchase/construction),purchase,8624.319368480625,1.7704761861830096
mor_8826d14c9f,𝓛 Law,strategiccompany_b144a84836,industrialcompany_29bc7b4007,L(purchase/defense),purchase,1371.0014250527192,8.427197851295162
mor_bb099de8b5,𝓛 Law,industrialcompany_e207a0b801,industrialcompany_90b33b55c6,L(purchase/insurance),purchase,24218.771914577097,9.83422129156
mor_2f4a85715e,𝓛 Law,strategiccompany_32316a636c,industrialcompany_642b62b5cc,L(purchase/cybersecurity),purchase,3674.799405010187,4.850426475381466
mor_66fba0d47c,𝓛 Law,mediacompany_d244f26b29,researchcompany_a3abae23c3,L(purchase/software),purchase,17445.650785610273,1.841965918260375
mor_2a2c68f195,𝓛 Law,industrialcompany_8e7318e78a,household_0d00087f89,L(purchase/law),purchase,60405.675794041876,26.101057479831752
mor_211070eb79,𝓛 Law,industrialcompany_a4a7a1a3be,industrialcompany_7f036a3164,L(purchase/luxury),purchase,6243.952870053355,1.8157130773305752
mor_dfe6d1589b,𝓛 Law,industrialcompany_ae848a6450,household_b6981560cd,L(purchase/software),purchase,67344.78234513782,1.9629623442820845
mor_2e6e96a81f,𝓛 Law,industrialcompany_b268b0c095,household_c6439707c7,L(purchase/software),purchase,128123.95551862945,1.9133807161691032
mor_d434473b38,𝓛 Law,industrialcompany_322bcf7cc3,household_d07b6aa124,L(purchase/mobility),purchase,34774.842667659475,1.9562519285497562
mor_4508edaed2,𝓛 Law,industrialcompany_35be04698a,platformcompany_bb307caacc,L(purchase/water),purchase,4658.773010165504,1.7825884036387032
mor_0cb1efe598,𝓛 Law,mediacompany_0cd229d17f,strategiccompany_2e7207dfb5,L(purchase/finance),purchase,12726.091047621188,1.8426427475442833
mor_ea8c518e42,𝓛 Law,industrialcompany_0644f5b6c6,industrialcompany_d974c3f78b,L(purchase/software),purchase,20037.356140945536,1.7892930723410638
mor_ddeca4270c,𝓛 Law,strategiccompany_6d9ea5e43a,household_4038fbdb4a,L(purchase/cybersecurity),purchase,7476.90569605265,4.6285397985244305
mor_262a29dcd3,𝓛 Law,industrialcompany_22967107aa,mediacompany_70a9d68845,L(purchase/water),purchase,143868.75784220354,2.0253711923538913
mor_df9187c935,𝓛 Law,industrialcompany_8720f024f1,platformcompany_5f8e429af4,L(purchase/logistics),purchase,35433.279564956865,1.9093241394639966
mor_90ddf8a963,𝓛 Law,strategiccompany_e358ea2e02,researchcompany_e43651aa96,L(purchase/defense),purchase,4255.831285619116,9.66734590007475
mor_519eba0b57,𝓛 Law,strategiccompany_f79c15eff2,country_dc617e043d,L(purchase/cybersecurity),purchase,32603.64077317527,5.717858303107063
mor_83746d66b6,𝓛 Law,civiliancompany_eb6069786a,mediacompany_8d87eac71d,L(purchase/law),purchase,14009.40821542369,24.04665950725822
mor_01988a2a62,𝓛 Law,strategiccompany_2284f03cb7,household_8f8758649b,L(purchase/defense),purchase,21149.44260523376,12.073904470553662
mor_71e5544a0f,𝓛 Law,mediacompany_63b6fc278f,mediacompany_31f461d0e2,L(purchase/culture),purchase,19992.009044579994,1.9030944717360432
mor_2f65651cb8,𝓛 Law,platformcompany_892ca7c6a2,household_649cf1d425,L(purchase/software),purchase,8630.407426079722,1.7950972238058542
mor_83ba690da6,𝓛 Law,researchcompany_493031be63,platformcompany_4eb702657d,L(purchase/biotech),purchase,35822.767393703914,6.345420018646607
mor_0933db60d0,𝓛 Law,civiliancompany_498b8df12d,industrialcompany_0644f5b6c6,L(purchase/agriculture),purchase,34129.27912130691,1.9320279452521627
mor_c757a7442a,𝓛 Law,mediacompany_937d41076a,researchcompany_4e0c91d6c6,L(purchase/media),purchase,36606.46424643139,1.9238441128450627
mor_3541d989c7,𝓛 Law,strategiccompany_1f3186069c,household_4038fbdb4a,L(purchase/defense),purchase,44931.910330564555,12.16536538407592
mor_34dff0e67c,𝓛 Law,mediacompany_f9346a9363,household_1ee8e7389f,L(purchase/media),purchase,3961.3448160124335,1.780978478870845
mor_923a7b397c,𝓛 Law,civiliancompany_ee52bdf532,mediacompany_70a9d68845,L(purchase/luxury),purchase,9004.128867764788,1.8289579846845303
mor_b043d31042,𝓛 Law,platformcompany_9e5a2cf238,country_d73e0bb472,L(purchase/health),purchase,16384.351727067147,4.895705303986183
mor_63a20fd5d3,𝓛 Law,researchcompany_ff6d92f9ea,researchcompany_6a1ce8c6fc,L(purchase/education),purchase,11942.174985436906,5.09519236233391
mor_9d8c9e60d0,𝓛 Law,mediacompany_1bfdaf48b6,mediacompany_ca66f14bdf,L(purchase/food),purchase,18137.62185829087,1.9753702067320393
mor_4078eecd75,𝓛 Law,researchcompany_dbdcbf80c9,mediacompany_84bf62553b,L(purchase/research),purchase,27778.145056150108,7.640955292966739
mor_7d974b6b4c,𝓛 Law,researchcompany_301cd56569,household_a785d1a7cf,L(purchase/education),purchase,51317.02370641958,5.310275290950525
mor_d22c31cb8c,𝓛 Law,researchcompany_a3abae23c3,mediacompany_d4dd7f4828,L(purchase/education),purchase,142225.71187657103,6.05165428237026
mor_a00a4ff9e4,𝓛 Law,strategiccompany_aa15181658,industrialcompany_8720f024f1,L(purchase/agriculture),purchase,8648.484297257379,1.7954073008251046
mor_98ff8e6abb,𝓛 Law,researchcompany_8a6aecda52,industrialcompany_e50180266c,L(purchase/food),purchase,176014.7925836634,1.898344341763785
mor_2f46979943,𝓛 Law,civiliancompany_bf1e233668,researchcompany_2af38af3b7,L(purchase/food),purchase,7657.26037579507,1.763684072918747
mor_2b34afe73c,𝓛 Law,mutualdefensepact_1a151ea231,country_3bdbcf3342,L(defense-support),defense,0.0,3.5687726325972307
mor_71aea6d4ed,𝓛 Law,strategiccompany_e91e7cc571,mediacompany_c168046a8a,L(purchase/cybersecurity),purchase,9509.47441311096,5.166941607881451
mor_ebbe9a5820,𝓛 Law,mediacompany_049287d6b4,household_782fd6f6a5,L(purchase/tourism),purchase,40309.19083442341,1.8450385338860473
mor_00fa128322,𝓛 Law,industrialcompany_f1c83f1cc5,mediacompany_c168046a8a,L(purchase/construction),purchase,44950.160891500265,1.9254351400255034
mor_bbd1186565,𝓛 Law,civiliancompany_11b8ec275e,household_49a0b26941,L(purchase/luxury),purchase,40747.63981307439,1.9456496786778443
mor_fe225a090a,𝓛 Law,strategiccompany_7a35daa329,strategiccompany_9b43cefc4f,L(purchase/cybersecurity),purchase,18823.347243299842,5.12295164098977
mor_d9016aa8e7,𝓛 Law,mediacompany_31f461d0e2,researchcompany_160af90f3e,L(purchase/media),purchase,6247.923834887356,1.7554625894144291
mor_40cd8ce0f0,𝓛 Law,mediacompany_26510927a9,researchcompany_81f52a5c2a,L(purchase/tourism),purchase,21582.247462561816,1.835388678428134
mor_ef5798a2eb,𝓛 Law,industrialcompany_b5f880af81,mediacompany_5ddbece253,L(purchase/insurance),purchase,4581.665295050773,8.490703732410646
mor_d27187505a,𝓛 Law,platformcompany_77789f76dd,strategiccompany_0ec6cc4d79,L(purchase/health),purchase,121430.03958765566,6.210307944162192
mor_fc58f44ff4,𝓛 Law,mediacompany_c168046a8a,household_f8d35e3344,L(purchase/insurance),purchase,4158.051315550067,7.655851774934369
mor_580945e87f,𝓛 Law,strategiccompany_051532bb5a,mediacompany_84bf62553b,L(purchase/defense),purchase,43102.60453827242,11.322691096068674
mor_8314574a99,𝓛 Law,industrialcompany_dadd0276fd,civiliancompany_87915d0c66,L(purchase/logistics),purchase,5632.391443073096,1.7500086546627067
mor_401707a6a3,𝓛 Law,industrialcompany_0e37fabacf,mediacompany_b1b6ee7fd4,L(purchase/agriculture),purchase,9836.065477738615,1.7557193705915604
mor_81ea06b5dc,𝓛 Law,industrialcompany_6eb8b0b2a1,household_81e0afec5a,L(purchase/construction),purchase,22925.243137918707,1.8731461256529742
mor_031545d55e,𝓛 Law,maritimesecurityleague_03e048cf6d,country_3bdbcf3342,L(defense-support),defense,0.0,3.383211554780945
mor_d008e2bb79,𝓢 Security,mutualdefensepact_1a151ea231,country_3bdbcf3342,defense-support,defense,0.0,13.045897223953117
mor_a74dec7acf,𝓢 Security,maritimesecurityleague_03e048cf6d,country_3bdbcf3342,defense-support,defense,0.0,14.972936140398694
mor_3d36324fca,𝓢 Security,industrialcompany_d974c3f78b,mediacompany_937d41076a,S(purchase/law),purchase,39440.131577865635,0.99425810945263
mor_0b270f910c,𝓢 Security,researchcompany_866560f8af,researchcompany_164bf26971,S(purchase/education),purchase,20617.926838062896,0.975126245619166
mor_c4aa4ff560,𝓢 Security,industrialcompany_b24d18ae96,industrialcompany_c24fe47139,S(purchase/law),purchase,15600.517171858712,0.9986151902014507
mor_ea80572f07,𝓢 Security,strategiccompany_8ce47e1c6a,civiliancompany_a2d10e1659,S(purchase/cybersecurity),purchase,21252.2783527293,18.804451820766914
mor_555c009ab0,𝓢 Security,mediacompany_fb8db67eb3,researchcompany_0fdd7d15f3,S(purchase/tourism),purchase,62094.22343010756,1.0347775264066585
mor_3eb5af9869,𝓢 Security,strategiccompany_fe823f7c71,household_c71ca87fcb,S(purchase/housing),purchase,11447.976768915943,1.05064599370781
mor_1043ae7878,𝓢 Security,platformcompany_07b00e5834,researchcompany_3582074b84,S(purchase/food),purchase,56329.31537368279,1.1948151206701338
mor_a8fae96e07,𝓢 Security,platformcompany_2ba120a974,mediacompany_52edec2f49,S(purchase/finance),purchase,46469.12445438663,1.0175721542180132
mor_1e6be71943,𝓢 Security,industrialcompany_a2d89a4f70,strategiccompany_7a2467bdfc,S(purchase/logistics),purchase,17579.851210670196,6.226216768677644
mor_a58f0a8805,𝓢 Security,industrialcompany_3337c19f27,household_b6981560cd,S(purchase/insurance),purchase,13299.491148118792,10.031747614834885
mor_93065aeac4,𝓢 Security,platformcompany_1eb0ab6252,household_c6439707c7,S(purchase/agriculture),purchase,54519.627469924846,0.9499542531539004
mor_be1d14669a,𝓢 Security,civiliancompany_c696949939,industrialcompany_12529203d6,S(purchase/housing),purchase,17597.623861048927,1.010567636056822
mor_04c79ab63f,𝓢 Security,strategiccompany_8c877854aa,civiliancompany_87915d0c66,S(purchase/defense),purchase,66187.02149790117,20.637197442291992
mor_c9eda3f89b,𝓢 Security,researchcompany_8326e196fe,household_0181ecbc80,S(purchase/biotech),purchase,9979.736652324355,1.027616747155499
mor_e3690ed61b,𝓢 Security,strategiccompany_29a9d89a42,researchcompany_a5e03fb3b7,S(purchase/housing),purchase,17949.898208928964,1.0172791924846487
mor_d511770c6f,𝓢 Security,strategiccompany_4cfce0c2b3,platformcompany_2ba120a974,S(purchase/mobility),purchase,92825.34067468731,1.0269860010033498
mor_50432b0cef,𝓢 Security,mediacompany_41a7c3b9b3,industrialcompany_9582e6b00c,S(purchase/housing),purchase,21981.117589704838,0.9933198033399545
mor_6ba67fd1d9,𝓢 Security,strategiccompany_211b32715f,strategiccompany_7a35daa329,S(purchase/cybersecurity),purchase,22776.858006767136,16.466268423797878
mor_7da96b767b,𝓢 Security,industrialcompany_99b6ce2766,strategiccompany_e8fc05aa18,S(purchase/construction),purchase,28215.772845376836,0.9831623917262715
mor_e5dd469f3e,𝓢 Security,mediacompany_c04ff6b410,researchcompany_164bf26971,S(purchase/culture),purchase,48785.89441602709,1.0479191854028898
mor_0037df868e,𝓢 Security,researchcompany_8cbb35a96c,researchcompany_301cd56569,S(purchase/education),purchase,10736.855937928083,1.0284335412959957
mor_f1d13e0ec3,𝓢 Security,strategiccompany_415da11436,researchcompany_866560f8af,S(purchase/space),purchase,11904.32679628134,1.0892808575791797
mor_fa850d5ad8,𝓢 Security,mediacompany_abb7f30e3d,household_d253b3f944,S(purchase/culture),purchase,24555.632917059876,1.0982521285919689
mor_929d0af911,𝓢 Security,mediacompany_fa28d25cb2,mediacompany_f9346a9363,S(purchase/culture),purchase,27392.46727035969,1.087105824562958
mor_11af3306cb,𝓢 Security,industrialcompany_8742713682,mediacompany_8ac13b66d9,S(purchase/software),purchase,63603.43500384637,8.585245528533694
mor_c913fcf0c8,𝓢 Security,strategiccompany_e77aa33095,industrialcompany_12529203d6,S(purchase/defense),purchase,39269.160602389195,19.130947550105194
mor_dad7f06a3b,𝓢 Security,industrialcompany_31a4c144bf,platformcompany_892ca7c6a2,S(purchase/water),purchase,8453.043141396223,0.9634840390008648
mor_02d6378d90,𝓢 Security,civiliancompany_665a41d6ba,industrialcompany_e207a0b801,S(purchase/mobility),purchase,13998.205073248986,1.1285450220006152
mor_8a1dc09e02,𝓢 Security,researchcompany_028fb8cf22,industrialcompany_a3a1c6d7d9,S(purchase/finance),purchase,25284.057870160614,0.9812312064332624
mor_7bde88c790,𝓢 Security,strategiccompany_0ec6cc4d79,researchcompany_819cab1677,S(purchase/cybersecurity),purchase,20608.353794644707,18.248550839650964
mor_bbfa97c995,𝓢 Security,industrialcompany_406db518fb,strategiccompany_f79c15eff2,S(purchase/energy),purchase,13349.788370439699,1.0040996798111648
mor_a6ad4dc613,𝓢 Security,researchcompany_b9bfef7083,industrialcompany_ae848a6450,S(purchase/housing),purchase,1215.1094901730166,1.1531662274114183
mor_438c78b82b,𝓢 Security,mediacompany_4ec17cd489,industrialcompany_a23be0fc78,S(purchase/tourism),purchase,16388.004795123183,1.0686247903271235
mor_c6bfaf1201,𝓢 Security,mediacompany_65a0865ae0,civiliancompany_665a41d6ba,S(purchase/culture),purchase,7124.717739991598,1.0687587148041213
mor_eec1547808,𝓢 Security,researchcompany_3582074b84,mediacompany_f84ddd63d1,S(purchase/education),purchase,14829.786870244756,1.057035193624829
mor_06845718ef,𝓢 Security,platformcompany_ec603860da,industrialcompany_b24d18ae96,S(purchase/luxury),purchase,6131.2860897938945,1.0117358303445882
mor_f31306ef39,𝓢 Security,industrialcompany_90b33b55c6,household_8f8758649b,S(purchase/semiconductors),purchase,9782.61114841391,6.088933665398022
mor_cd6258d344,𝓢 Security,industrialcompany_687f595465,industrialcompany_71816c9a7e,S(purchase/logistics),purchase,147110.7078117463,6.621407899396896
mor_d4ceb137ec,𝓢 Security,industrialcompany_013f9a5f15,household_c6439707c7,S(purchase/semiconductors),purchase,81924.91146784864,7.353931364110549
mor_1084efe9dd,𝓢 Security,industrialcompany_71816c9a7e,industrialcompany_8c91409529,S(purchase/construction),purchase,97108.65976967591,1.0028472156156123
mor_4e23effb07,𝓢 Security,mediacompany_a9651b88f4,mediacompany_b1b6ee7fd4,S(purchase/tourism),purchase,11161.856891655942,1.1110503940726015
mor_b974d90323,𝓢 Security,industrialcompany_c32633ad9f,mediacompany_8d87eac71d,S(purchase/mobility),purchase,49660.53581148828,1.0715799394681145
mor_5b52a51b61,𝓢 Security,researchcompany_b4d45ef053,household_c0e828c3e7,S(purchase/research),purchase,13528.24743460801,1.0833813994440527
mor_f00c83371f,𝓢 Security,strategiccompany_bfb888fbd9,researchcompany_d1d92cbca8,S(purchase/space),purchase,130817.82028521251,1.084741537162606
mor_f6e6d06470,𝓢 Security,strategiccompany_9c781379ab,strategiccompany_15cfaa023d,S(purchase/cybersecurity),purchase,24215.433031530076,18.88398670937014
mor_2bb354dd0a,𝓢 Security,researchcompany_160af90f3e,civiliancompany_58294b1b4d,S(purchase/research),purchase,42004.10266720621,1.0070075503017395
mor_d90df3f848,𝓢 Security,industrialcompany_5dc1e74cfd,household_7bf3e17e5e,S(purchase/energy),purchase,15566.297143152171,1.044194079374939
mor_b8ec7b093f,𝓢 Security,industrialcompany_fba3ce485a,industrialcompany_738bceb30b,S(purchase/construction),purchase,8624.319368480625,0.974903305396561
mor_bcc18d5aa5,𝓢 Security,strategiccompany_b144a84836,industrialcompany_29bc7b4007,S(purchase/defense),purchase,1371.0014250527192,13.153538272627522
mor_113589c8b4,𝓢 Security,industrialcompany_e207a0b801,industrialcompany_90b33b55c6,S(purchase/insurance),purchase,24218.771914577097,10.354873962175184
mor_9630318985,𝓢 Security,strategiccompany_32316a636c,industrialcompany_642b62b5cc,S(purchase/cybersecurity),purchase,3674.799405010187,17.114984388599133
mor_66fb134b45,𝓢 Security,mediacompany_d244f26b29,researchcompany_a3abae23c3,S(purchase/software),purchase,17445.650785610273,7.615385697794548
mor_66ddd4ee4a,𝓢 Security,industrialcompany_8e7318e78a,household_0d00087f89,S(purchase/law),purchase,60405.675794041876,1.0707987629948237
mor_d758bc19d4,𝓢 Security,industrialcompany_a4a7a1a3be,industrialcompany_7f036a3164,S(purchase/luxury),purchase,6243.952870053355,1.0964806023759364
mor_a645f0fe73,𝓢 Security,industrialcompany_ae848a6450,household_b6981560cd,S(purchase/software),purchase,67344.78234513782,8.884150390268744
mor_ad6c0eeec1,𝓢 Security,industrialcompany_b268b0c095,household_c6439707c7,S(purchase/software),purchase,128123.95551862945,8.263327559585614
mor_89177693cf,𝓢 Security,industrialcompany_322bcf7cc3,household_d07b6aa124,S(purchase/mobility),purchase,34774.842667659475,1.1256724421297588
mor_abffdb474a,𝓢 Security,industrialcompany_35be04698a,platformcompany_bb307caacc,S(purchase/water),purchase,4658.773010165504,1.079813249252535
mor_99671ea23d,𝓢 Security,mediacompany_0cd229d17f,strategiccompany_2e7207dfb5,S(purchase/finance),purchase,12726.091047621188,1.0681798457266043
mor_adaa99a38f,𝓢 Security,industrialcompany_0644f5b6c6,industrialcompany_d974c3f78b,S(purchase/software),purchase,20037.356140945536,6.967908566282078
mor_217f7a01e7,𝓢 Security,strategiccompany_6d9ea5e43a,household_4038fbdb4a,S(purchase/cybersecurity),purchase,7476.90569605265,15.996364332926401
mor_6012b6159d,𝓢 Security,industrialcompany_22967107aa,mediacompany_70a9d68845,S(purchase/water),purchase,143868.75784220354,1.0851354276198895
mor_beba264e02,𝓢 Security,industrialcompany_8720f024f1,platformcompany_5f8e429af4,S(purchase/logistics),purchase,35433.279564956865,6.725420597564918
mor_ab69af1dba,𝓢 Security,strategiccompany_e358ea2e02,researchcompany_e43651aa96,S(purchase/defense),purchase,4255.831285619116,15.257587013319938
mor_680d61a397,𝓢 Security,strategiccompany_f79c15eff2,country_dc617e043d,S(purchase/cybersecurity),purchase,32603.64077317527,20.906197732845385
mor_c67e8d3bbc,𝓢 Security,civiliancompany_eb6069786a,mediacompany_8d87eac71d,S(purchase/law),purchase,14009.40821542369,1.1365660592053564
mor_ccf7e859e2,𝓢 Security,strategiccompany_2284f03cb7,household_8f8758649b,S(purchase/defense),purchase,21149.44260523376,19.366733590105127
mor_6e537e4a06,𝓢 Security,mediacompany_63b6fc278f,mediacompany_31f461d0e2,S(purchase/culture),purchase,19992.009044579994,1.096490248411275
mor_105ad36c43,𝓢 Security,platformcompany_892ca7c6a2,household_649cf1d425,S(purchase/software),purchase,8630.407426079722,7.121486915268852
mor_46b868e60c,𝓢 Security,researchcompany_493031be63,platformcompany_4eb702657d,S(purchase/biotech),purchase,35822.767393703914,1.0183963166800236
mor_13bcbadfea,𝓢 Security,civiliancompany_498b8df12d,industrialcompany_0644f5b6c6,S(purchase/agriculture),purchase,34129.27912130691,1.0975319025216765
mor_6eb7629079,𝓢 Security,mediacompany_937d41076a,researchcompany_4e0c91d6c6,S(purchase/media),purchase,36606.46424643139,1.0796373160863717
mor_36044db555,𝓢 Security,strategiccompany_1f3186069c,household_4038fbdb4a,S(purchase/defense),purchase,44931.910330564555,19.45363927359358
mor_e1952b7c90,𝓢 Security,mediacompany_f9346a9363,household_1ee8e7389f,S(purchase/media),purchase,3961.3448160124335,1.093961576706975
mor_497942665d,𝓢 Security,civiliancompany_ee52bdf532,mediacompany_70a9d68845,S(purchase/luxury),purchase,9004.128867764788,1.0653047295508378
mor_86d62eb301,𝓢 Security,platformcompany_9e5a2cf238,country_d73e0bb472,S(purchase/health),purchase,16384.351727067147,7.717584161172943
mor_2c031c2be3,𝓢 Security,researchcompany_ff6d92f9ea,researchcompany_6a1ce8c6fc,S(purchase/education),purchase,11942.174985436906,1.0599203511519444
mor_04b676dd2a,𝓢 Security,mediacompany_1bfdaf48b6,mediacompany_ca66f14bdf,S(purchase/food),purchase,18137.62185829087,1.2298684744992765
mor_9e12494718,𝓢 Security,researchcompany_dbdcbf80c9,mediacompany_84bf62553b,S(purchase/research),purchase,27778.145056150108,1.0838104622265992
mor_85f5743d2a,𝓢 Security,researchcompany_301cd56569,household_a785d1a7cf,S(purchase/education),purchase,51317.02370641958,0.9720517804656794
mor_554225c2cf,𝓢 Security,researchcompany_a3abae23c3,mediacompany_d4dd7f4828,S(purchase/education),purchase,142225.71187657103,1.043828408937846
mor_b29b784608,𝓢 Security,strategiccompany_aa15181658,industrialcompany_8720f024f1,S(purchase/agriculture),purchase,8648.484297257379,1.0229088543446925
mor_3f3d385f7b,𝓢 Security,researchcompany_8a6aecda52,industrialcompany_e50180266c,S(purchase/food),purchase,176014.7925836634,0.9058483283440281
mor_c2641da603,𝓢 Security,civiliancompany_bf1e233668,researchcompany_2af38af3b7,S(purchase/food),purchase,7657.26037579507,0.9763271727473627
mor_f48f689d77,𝓢 Security,mutualdefensepact_1a151ea231,country_3bdbcf3342,S(defense-support),defense,0.0,10.677124591355888
mor_e338bf09e2,𝓢 Security,strategiccompany_e91e7cc571,mediacompany_c168046a8a,S(purchase/cybersecurity),purchase,9509.47441311096,18.475161689849816
mor_d1d258c924,𝓢 Security,mediacompany_049287d6b4,household_782fd6f6a5,S(purchase/tourism),purchase,40309.19083442341,0.9484838094903146
mor_3c84f6f1c0,𝓢 Security,industrialcompany_f1c83f1cc5,mediacompany_c168046a8a,S(purchase/construction),purchase,44950.160891500265,1.0619732885912538
mor_6bc46adb52,𝓢 Security,civiliancompany_11b8ec275e,household_49a0b26941,S(purchase/luxury),purchase,40747.63981307439,1.0941253699112423
mor_d4611e57bf,𝓢 Security,strategiccompany_7a35daa329,strategiccompany_9b43cefc4f,S(purchase/cybersecurity),purchase,18823.347243299842,18.20004805631396
mor_698a51ed18,𝓢 Security,mediacompany_31f461d0e2,researchcompany_160af90f3e,S(purchase/media),purchase,6247.923834887356,0.9967823301074707
mor_11a4683acd,𝓢 Security,mediacompany_26510927a9,researchcompany_81f52a5c2a,S(purchase/tourism),purchase,21582.247462561816,0.9775565816820462
mor_d62f72c8d9,𝓢 Security,industrialcompany_b5f880af81,mediacompany_5ddbece253,S(purchase/insurance),purchase,4581.665295050773,8.913440107569963
mor_81dc14ac78,𝓢 Security,platformcompany_77789f76dd,strategiccompany_0ec6cc4d79,S(purchase/health),purchase,121430.03958765566,10.256721697552635
mor_35eb638ec3,𝓢 Security,mediacompany_c168046a8a,household_f8d35e3344,S(purchase/insurance),purchase,4158.051315550067,7.907662009827444
mor_9bc6be4d5a,𝓢 Security,strategiccompany_051532bb5a,mediacompany_84bf62553b,S(purchase/defense),purchase,43102.60453827242,17.96847907310621
mor_5976f6185b,𝓢 Security,industrialcompany_dadd0276fd,civiliancompany_87915d0c66,S(purchase/logistics),purchase,5632.391443073096,5.383545898213601
mor_23023b507f,𝓢 Security,industrialcompany_0e37fabacf,mediacompany_b1b6ee7fd4,S(purchase/agriculture),purchase,9836.065477738615,0.9481168905083739
mor_b2fac8d9e2,𝓢 Security,industrialcompany_6eb8b0b2a1,household_81e0afec5a,S(purchase/construction),purchase,22925.243137918707,1.0597825284027504
mor_591234c4c4,𝓢 Security,maritimesecurityleague_03e048cf6d,country_3bdbcf3342,S(defense-support),defense,0.0,12.78972458561775
