id,name,country,currency,sector,employees,price,inventory,monthly_revenue,monthly_cost,cumulative_profit,fiat_debt,productivity,product_quality,reputation,risk,fraud_tendency,truth_score,truth_positive,truth_debt,top_truth_layers
agent_52fde1c2f6,Nexus Care 1,Galenheim,GAL,health,256.17,1624.0227,20000.2906,1163.2678,6504.0942,-310444.2985,182675.3924,0.835416,0.716986,0.747198,0.676522,0.018131,-3179.8561,174.6213,3354.4774,"{temporal=-1616.46, legal=-1130.28, liquidity=-386.77, social=-263.76, causal=+98.10, existence=+20.98, attention=+14.78, health=+3.22, ...}"
agent_03d7b2316c,Civitas Broadcast 2,Helioia,HEL,media,51.36,909.0042,33.1725,73.2411,349.2131,102493.5035,315.4524,0.899356,0.486039,0.809424,0.580312,0.041263,49.2967,49.8976,0.6009,"{causal=+14.19, existence=+11.29, legal=+6.23, social=+4.52, temporal=+3.71, attention=+2.65, potential=+1.34, liquidity=-0.60, ...}"
agent_ab153fd073,Nova Health 3,Galenheim,GAL,health,135.1,1182.145,5922.4924,0.0,342.5167,186979.812,15.2343,1.069855,0.39654,0.7767,0.644317,0.049732,134.0959,134.1072,0.0113,"{causal=+42.85, legal=+18.87, existence=+18.06, temporal=+13.22, social=+10.88, attention=+7.20, health=+3.23, potential=+1.41, ...}"
agent_c37fff7c19,Sol Softworks 4,Galenheim,GAL,software,193.82,745.51,5599.6359,0.0,716.1118,104238.1974,265.0115,1.259988,0.696873,0.99,0.479166,0.035034,157.0982,157.7639,0.6658,"{causal=+56.17, legal=+21.25, temporal=+16.92, existence=+15.17, social=+12.79, attention=+9.70, potential=+4.21, epistemic=+1.97, ...}"
agent_caf03ecd06,Nexus Status 5,Lumerterra,LUM,luxury,192.69,4718.1423,4434.7081,0.0,578.8689,328784.4882,561.4415,0.860333,0.467121,0.99,0.257003,0.058987,110.3265,112.1561,1.8296,"{causal=+35.53, existence=+16.55, legal=+14.51, temporal=+13.87, social=+10.28, attention=+8.85, liquidity=-1.83, potential=+1.29, ...}"
agent_6563bd9d01,Prism Guard 6,Eldorland,ELD,security,85.06,663.157,317.4864,0.0,320.299,108682.8422,155.2908,0.528822,0.529347,0.758143,0.439171,0.032732,66.2426,66.9803,0.7377,"{causal=+18.09, existence=+14.71, legal=+7.73, temporal=+6.31, social=+5.44, attention=+4.02, potential=+1.46, security=+1.29, ...}"
agent_7004d7d08f,Signal Motors 7,Eldorland,ELD,mobility,249.07,922.1045,17905.093,599.8592,995.2669,62646.0035,401.9323,1.252406,0.832243,0.99,0.41782,0.011798,203.9532,206.2547,2.3015,"{causal=+74.04, legal=+29.46, temporal=+24.19, existence=+19.92, social=+17.14, attention=+13.34, liquidity=-2.30, potential=+2.30, ...}"
agent_4102f107ab,Iron Infrastructure 8,Faronreich,FAR,construction,535.46,3868.2874,20398.3007,0.0,1796.4526,288858.9151,318.2803,1.044933,0.736352,0.969537,0.479076,0.058962,341.7025,342.8657,1.1632,"{causal=+120.80, legal=+50.73, temporal=+44.34, social=+29.10, attention=+25.58, existence=+23.29, infrastructure=+7.79, potential=+2.03, ...}"
agent_8ba44a1820,Omni Residences 9,Borealgrad,BOR,housing,357.24,1711.4872,7104.6737,0.0,788.7362,717257.8921,197.2883,0.713951,0.592344,0.883985,0.381563,0.021568,247.8184,248.8344,1.016,"{causal=+77.80, legal=+42.56, temporal=+31.04, social=+23.90, existence=+20.86, attention=+17.61, infrastructure=+3.72, security=+2.66, ...}"
agent_35e82f4a5e,Nexus Broadcast 10,Faronreich,FAR,media,493.98,1405.8232,38218.0484,988.8838,1081.8445,98523.4457,221.7368,2.141439,0.441364,0.898193,0.250268,0.068894,320.8113,322.2421,1.4309,"{causal=+121.16, legal=+47.46, temporal=+43.24, social=+29.47, attention=+24.91, existence=+17.18, liquidity=-1.43, potential=+1.22, ...}"
agent_9b354eb2ba,Signal Care 11,Eldorland,ELD,health,111.53,659.7304,11433.3898,532.3647,552.9523,86894.4262,419.3573,1.592498,0.821329,0.811414,0.317983,0.007225,134.1996,136.1855,1.9859,"{causal=+43.23, existence=+18.63, legal=+15.72, temporal=+11.38, social=+9.76, attention=+6.18, health=+6.16, potential=+2.88, ...}"
agent_04b3e2db5d,Nova Seed 12,Borealgrad,BOR,agriculture,35.66,412.2133,4692.9525,0.0,239.6061,-37343.7262,5030.7361,1.11812,0.907853,0.915344,0.667079,0.013649,60.4743,64.9134,4.4391,"{causal=+24.61, existence=+17.08, social=+4.52, liquidity=-4.44, legal=+3.06, potential=+2.51, attention=+2.20, temporal=+1.58}"
agent_9cfcf8facf,Omni Mutual 13,Damaria,DAM,insurance,162.93,1368.6504,1381.3552,6444.3618,504.8134,250006.1564,598.9412,0.853493,0.829299,0.99,0.516565,0.075797,116.6718,116.6718,0.0,"{causal=+32.72, legal=+18.67, existence=+15.42, temporal=+12.38, social=+9.10, attention=+7.33, risk_reduction=+5.16, potential=+2.29, ...}"
agent_8aa44a5664,Nova Habitat 14,Faronreich,FAR,housing,155.14,5411.4631,2562.0521,0.0,582.5133,733426.518,350.788,0.848222,0.770818,0.99,0.448673,0.069542,119.0053,120.4511,1.4458,"{causal=+30.84, existence=+20.40, legal=+19.61, temporal=+12.04, social=+11.30, attention=+7.12, infrastructure=+2.57, potential=+2.13, ...}"
agent_2dae1ffb42,Argent Energy 15,Faronreich,FAR,energy,789.32,1458.1138,61852.2992,10650.9293,3834.4294,56353.4682,8248.7715,1.667588,0.80428,0.99,0.519939,0.032477,528.408,540.6253,12.2173,"{causal=+206.36, legal=+75.98, temporal=+67.41, social=+44.95, attention=+39.12, existence=+19.10, infrastructure=+15.04, ecological=-9.71, ...}"
agent_b1f8e157e9,Cobalt Agro 16,Istrpolis,IST,agriculture,78.98,3141.3921,6816.8973,0.0,1772.8294,-164262.4429,56480.7313,1.006204,0.372062,0.411328,0.847289,0.015847,-2780.8905,86.1214,2867.012,"{temporal=-1512.06, legal=-899.94, liquidity=-299.70, social=-224.59, causal=+46.07, existence=+18.31, attention=+4.87, potential=+1.03}"
agent_87f76e0830,Nexus Markets 17,Galenheim,GAL,finance,503.65,806.1582,15344.2501,2510.4306,1916.7633,-39920.7403,28772.6691,0.668979,0.730995,0.864295,0.406175,0.049366,323.8701,327.8551,3.985,"{causal=+147.04, legal=+32.34, temporal=+31.78, social=+26.86, attention=+26.44, existence=+17.44, liquidity=-3.98, potential=+2.02}"
agent_dddcf6bac3,Cobalt Softworks 18,Galenheim,GAL,software,818.35,907.848,73808.2161,6387.4545,1306.2442,-353.6315,8967.9035,1.76356,0.535802,0.910228,0.407563,0.023883,570.9551,576.2989,5.3438,"{causal=+232.75, legal=+83.62, temporal=+72.77, social=+50.85, attention=+42.38, existence=+18.79, liquidity=-5.34, potential=+2.71, ...}"
agent_eb375c50c8,Terra Foods 19,Lumerterra,LUM,food,155.99,827.0415,1169.0627,0.0,1145.2836,440341.4649,726.6334,1.081061,0.819966,0.907265,0.355915,0.040017,163.8502,165.461,1.6109,"{causal=+41.14, existence=+24.59, health=+19.99, legal=+16.45, temporal=+14.62, social=+10.35, attention=+7.97, risk_reduction=+6.57, ...}"
agent_e73f70056f,Vertex Motors 20,Galenheim,GAL,mobility,355.91,1739.9545,18578.3702,0.0,2468.8167,-73923.4364,33601.6085,0.904533,0.66064,0.99,0.499771,0.047032,194.7698,214.6028,19.833,"{causal=+111.85, liquidity=-19.83, attention=+19.82, existence=+19.68, temporal=+15.49, social=+13.69, potential=+1.83, infrastructure=+0.64, ...}"
agent_6719749499,Civitas Care 21,Borealgrad,BOR,health,130.16,850.1351,1032.3336,0.0,945.491,279005.0945,1052.0657,0.65379,0.603144,0.873172,0.320009,0.012297,131.1508,135.672,4.5211,"{causal=+36.72, existence=+15.72, legal=+14.48, health=+12.01, temporal=+11.58, social=+9.61, attention=+6.47, liquidity=-4.52, ...}"
agent_07197de95d,Green Nutrition 22,Borealgrad,BOR,food,516.58,310.9077,3467.9848,0.0,1572.4259,617804.1929,636.3297,1.038633,0.787104,0.99,0.173668,0.024078,344.6412,346.2576,1.6164,"{causal=+84.96, health=+45.00, temporal=+40.02, existence=+38.10, legal=+33.91, attention=+23.52, social=+21.50, risk_reduction=+15.95, ...}"
agent_241d15f44d,Quantum Fields 23,Lumerterra,LUM,agriculture,74.48,1322.3156,9745.4936,0.0,1932.0049,-235475.4805,52005.9166,0.805298,0.845181,0.657349,0.975626,0.008764,-1864.6387,83.2338,1947.8725,"{temporal=-1017.59, legal=-616.94, liquidity=-214.98, social=-141.79, causal=+42.62, existence=+18.63, attention=+4.59, potential=+2.33}"
agent_6df9a4b87b,Pioneer Grid 24,Kaelreich,KAE,energy,496.31,1396.8639,5723.7391,26085.7799,1058.5925,316542.1435,13.6398,0.763331,0.377547,0.738766,0.547455,0.029995,266.7333,269.6355,2.9022,"{causal=+95.06, legal=+38.06, temporal=+37.56, attention=+23.18, social=+22.76, existence=+18.41, infrastructure=+4.17, ecological=-2.65, ...}"
agent_cac783c1f9,Cobalt Motors 25,Borealgrad,BOR,mobility,831.6,1707.8527,50483.5987,729.4796,1663.6912,139308.1689,198.4068,0.959759,0.717835,0.989394,0.352097,0.060328,515.6842,516.0683,0.3841,"{causal=+192.98, legal=+81.45, temporal=+70.85, social=+46.09, attention=+40.56, existence=+22.16, potential=+1.98, infrastructure=+0.97, ...}"
agent_4113329a4e,Civitas Travel 26,Borealgrad,BOR,tourism,341.95,1873.0874,12089.1207,225.5709,1789.4794,214477.847,583.6155,1.020297,0.919679,0.99,0.256972,0.018699,213.1281,216.7504,3.6224,"{causal=+74.28, legal=+30.68, temporal=+28.51, social=+18.68, existence=+17.33, attention=+16.67, memory=+5.20, potential=+2.54, ...}"
agent_de27792833,Sol Guard 27,Borealgrad,BOR,security,76.67,878.0983,435.9322,0.0,362.6789,205704.6737,363.4631,0.97287,0.787519,0.99,0.473275,0.022182,78.6065,79.3065,0.7,"{causal=+20.01, existence=+15.24, legal=+8.48, social=+6.86, temporal=+5.40, security=+4.53, attention=+3.52, risk_reduction=+3.48, ...}"
agent_6b82cf69c0,Terra Residences 28,Galenheim,GAL,housing,242.7,1079.9112,1938.9714,7014.0881,1049.9013,520099.1861,116.8437,0.835905,0.70704,0.99,0.509239,0.023391,183.2655,183.7961,0.5306,"{causal=+46.29, legal=+33.52, existence=+23.14, temporal=+20.48, social=+18.37, attention=+11.44, infrastructure=+5.38, security=+3.85, ...}"
agent_04cc458c8d,Astra Travel 29,Galenheim,GAL,tourism,234.47,1348.0843,2055.2489,2213.4939,891.5074,212463.4932,119.0893,0.708086,0.760539,0.99,0.436763,0.061162,127.6428,129.733,2.0902,"{causal=+39.76, legal=+17.43, temporal=+16.92, existence=+16.26, social=+10.91, attention=+10.50, memory=+3.63, potential=+2.10, ...}"
agent_91fa749ab6,Nova Works 30,Lumerterra,LUM,construction,141.22,1888.8928,6700.283,10188.8955,889.5291,358406.4722,973.4691,1.494726,0.756368,0.99,0.274021,0.021358,138.2481,140.5909,2.3428,"{causal=+42.20, existence=+23.67, legal=+15.67, temporal=+11.96, infrastructure=+10.95, social=+9.16, attention=+6.70, liquidity=-2.34, ...}"
agent_905457ef88,Nova Assure 31,Galenheim,GAL,insurance,421.91,507.5168,5952.837,0.0,1172.0338,137762.6202,293.5919,0.962394,0.633869,0.99,0.266655,0.031696,251.378,251.378,0.0,"{causal=+82.14, legal=+40.91, temporal=+33.93, social=+20.85, attention=+20.20, existence=+15.04, risk_reduction=+8.31, liquidity=+2.54, ...}"
agent_bace8ebfa1,Sol Build 32,Borealgrad,BOR,construction,79.54,2637.681,4191.4536,500.6056,500.556,212220.7845,77.8033,1.372784,0.377204,0.801041,0.469347,0.016419,87.7693,87.8147,0.0454,"{causal=+27.99, existence=+16.74, legal=+11.76, temporal=+7.15, social=+6.79, attention=+3.91, infrastructure=+1.63, potential=+1.04, ...}"
agent_a6ddf07a00,Nova Health 33,Damaria,DAM,health,102.46,1662.7006,1907.6989,346.2094,343.2557,313602.0772,581.6415,0.815787,0.602588,0.853835,0.284233,0.014298,103.4557,104.3397,0.884,"{causal=+28.55, existence=+17.81, legal=+12.63, temporal=+8.98, social=+7.80, attention=+5.17, health=+5.09, potential=+2.23, ...}"
agent_12954e95d8,Prism Expeditions 34,Borealgrad,BOR,tourism,393.81,1864.3247,14489.582,1686.6439,2238.3068,186032.7336,319.0965,0.905833,0.820436,0.99,0.404754,0.040751,235.7207,239.1295,3.4088,"{causal=+82.06, legal=+35.16, temporal=+31.50, social=+21.04, existence=+18.80, attention=+18.28, memory=+4.70, potential=+2.27, ...}"
agent_870207c80f,Green Seed 35,Borealgrad,BOR,agriculture,44.24,679.0836,3683.9483,0.0,104.6665,-21646.9469,1609.2725,0.637597,0.715936,0.831438,0.638509,0.004071,91.9064,99.4325,7.5261,"{causal=+31.36, existence=+18.60, legal=+7.70, liquidity=-7.53, social=+6.57, potential=+6.31, temporal=+5.73, epistemic=+5.52, ...}"
agent_0572e04676,Blue Ledger 36,Eldorland,ELD,finance,444.67,752.4439,44202.5237,0.0,2545.1076,-231295.4513,31420.6258,1.063882,0.401951,0.490558,0.827889,0.089652,-502.1259,262.8423,764.9683,"{legal=-320.76, temporal=-251.53, causal=+164.89, liquidity=-133.24, social=-36.69, attention=+25.65, existence=+19.90, potential=+1.11}"
agent_c8e824e0db,Signal Ledger 37,Galenheim,GAL,finance,152.74,894.8202,7238.6238,2965.8593,724.7363,72132.0782,230.4391,1.289041,0.795652,0.944423,0.547966,0.018747,141.7581,141.7581,0.0,"{causal=+45.42, legal=+21.23, existence=+17.68, temporal=+14.39, social=+12.25, attention=+7.84, liquidity=+4.91, potential=+2.20}"
agent_9e9a39ee52,Cobalt Media 38,Eldorland,ELD,media,110.62,359.2223,2438.5921,1199.7418,316.8449,86850.9574,146.2401,1.085751,0.421976,0.594082,0.369077,0.088474,87.9203,88.3706,0.4503,"{causal=+29.20, existence=+14.68, legal=+11.08, temporal=+8.99, social=+7.37, attention=+5.46, potential=+1.17, liquidity=-0.45, ...}"
agent_d628aa0016,Vertex Health 39,Lumerterra,LUM,health,76.82,2110.9367,3367.6478,0.0,362.7108,249808.5202,626.86,0.999263,0.613969,0.985689,0.300608,0.029215,93.6906,95.2365,1.5459,"{causal=+25.81, existence=+17.15, legal=+11.04, social=+7.14, temporal=+7.11, health=+5.22, attention=+4.03, potential=+2.23, ...}"
agent_ab3e866600,Argent Broadcast 40,Borealgrad,BOR,media,569.54,791.2774,33694.0581,220.9935,3277.2021,-28176.5455,7836.6073,1.133638,0.875497,0.99,0.509865,0.061264,412.343,415.3667,3.0237,"{causal=+158.22, legal=+60.18, temporal=+51.51, social=+40.92, attention=+31.28, existence=+17.90, epistemic=+3.46, liquidity=-3.02, ...}"
agent_8b550246e4,Iron Culture 41,Borealgrad,BOR,entertainment,301.51,418.3578,1957.2083,2955.8719,624.7128,250504.0623,160.1803,0.83177,0.70952,0.99,0.406843,0.038353,151.7186,152.2097,0.4911,"{causal=+46.79, legal=+20.45, temporal=+19.48, existence=+16.06, social=+15.06, attention=+13.19, memory=+7.56, potential=+1.96, ...}"
agent_11c32bd9a8,Pioneer Mining 42,Galenheim,GAL,mining,65.44,688.2679,7367.2103,0.0,1966.0562,-171340.9608,58785.8252,0.889038,0.508106,0.67652,0.568464,0.064795,-625.8807,77.2155,703.0962,"{temporal=-318.07, legal=-248.45, liquidity=-81.91, social=-58.54, causal=+38.50, existence=+19.68, attention=+4.04, potential=+1.40}"
agent_2d5a53e30d,Atlas Softworks 43,Faronreich,FAR,software,370.14,2357.4534,29143.4673,144.2453,803.6139,121331.7589,338.7038,1.945384,0.598722,0.869589,0.322953,0.020288,259.1282,259.6771,0.549,"{causal=+96.42, legal=+36.61, temporal=+33.28, social=+21.79, attention=+19.21, existence=+18.08, potential=+2.99, epistemic=+1.17, ...}"
agent_7bc28de62a,Pioneer Biomed 44,Borealgrad,BOR,health,47.49,1856.9912,1203.2736,0.0,79.638,269367.4324,525.8494,0.967171,0.962809,0.99,0.480676,0.01056,74.3865,76.5395,2.153,"{causal=+17.28, existence=+15.80, legal=+7.27, health=+6.52, social=+5.15, temporal=+4.16, potential=+3.34, attention=+2.42, ...}"
agent_b79da8076f,Iron Mining 45,Galenheim,GAL,mining,90.08,708.5565,7252.475,0.0,2150.5555,-175604.2356,68710.4531,0.685483,0.628755,0.613001,0.709225,0.017285,-1717.4933,93.1341,1810.6274,"{temporal=-885.05, legal=-604.83, liquidity=-205.88, social=-140.74, causal=+49.86, existence=+18.82, attention=+5.56, potential=+1.74}"
agent_686de21d26,Helix Nutrition 46,Faronreich,FAR,food,161.84,742.1293,1298.2756,0.0,765.0439,342809.5139,170.0197,1.102262,0.498236,0.811002,0.349277,0.015503,141.4782,142.1136,0.6353,"{causal=+39.61, existence=+21.77, legal=+16.43, temporal=+13.94, health=+10.46, social=+9.98, attention=+7.95, risk_reduction=+3.46, ...}"
agent_a5fd11bac4,Iron Infrastructure 47,Eldorland,ELD,construction,592.72,989.3478,56366.1684,3654.3967,5735.6368,-258543.892,123569.4466,0.905678,0.774491,0.781341,0.576361,0.049418,-1405.0687,341.8991,1746.9678,"{legal=-749.25, temporal=-516.38, liquidity=-276.60, causal=+206.69, social=-147.06, attention=+34.18, existence=+26.30, infrastructure=+6.66, ...}"
agent_37a6e209df,Prism Mobility 48,Faronreich,FAR,mobility,355.58,6601.6048,14312.0456,11041.3127,1532.851,90494.5169,130.5492,0.86506,0.595281,0.900034,0.524737,0.019657,245.0156,246.0459,1.0302,"{causal=+88.66, legal=+37.67, temporal=+31.31, social=+21.69, existence=+18.83, attention=+17.76, potential=+1.64, liquidity=-1.03, ...}"
agent_53d0c520f4,Union Grid 49,Borealgrad,BOR,energy,176.19,901.7987,1794.1218,4110.6299,960.231,394275.7992,145.1512,0.70514,0.448238,0.856615,0.325186,0.016968,134.7338,138.352,3.6182,"{causal=+45.34, legal=+18.17, existence=+17.42, temporal=+13.90, social=+10.79, attention=+8.01, infrastructure=+5.45, ecological=-3.28, ...}"
agent_bb3b5f70c0,Union Expeditions 50,Borealgrad,BOR,tourism,254.71,2042.0595,6468.6482,0.0,1033.2659,241111.782,30.1931,1.052903,0.515825,0.931151,0.592013,0.013662,157.0637,158.1204,1.0568,"{causal=+53.66, legal=+22.78, temporal=+20.70, existence=+14.85, social=+13.71, attention=+12.53, memory=+2.10, potential=+1.43, ...}"
agent_ea24bacc32,Vertex Freight 51,Borealgrad,BOR,logistics,124.83,1212.7491,14612.7258,0.0,2308.0607,-359431.3876,51416.9542,0.89609,0.51545,0.562708,0.962221,0.012409,-1825.3533,119.0431,1944.3964,"{temporal=-980.63, legal=-632.89, liquidity=-234.04, social=-130.39, causal=+68.80, existence=+18.10, attention=+7.70, potential=+1.42}"
agent_eba479128c,Civitas Insurance 52,Helioia,HEL,insurance,355.55,1177.5037,3988.1448,11068.2456,1954.7018,159721.6456,318.2856,0.857728,0.452269,0.722665,0.309256,0.013031,222.0369,222.0369,0.0,"{causal=+75.14, legal=+35.69, temporal=+28.53, social=+18.44, attention=+16.51, existence=+15.57, risk_reduction=+5.28, liquidity=+1.65, ...}"
agent_8b22150cfd,Prism Ore 53,Lumerterra,LUM,mining,25.31,645.8279,2692.8166,0.0,686.8922,-34340.1438,22894.5071,0.79251,1.001337,0.761369,0.711675,0.033064,-128.0299,45.8255,173.8555,"{temporal=-78.50, legal=-62.02, liquidity=-26.34, causal=+17.46, existence=+16.86, social=-7.06, potential=+2.77, attention=+1.56}"
agent_319e18cd60,Omni Biomed 54,Helioia,HEL,health,274.22,2434.4737,11855.1896,0.0,3218.2871,-47694.2455,67234.5539,0.850227,0.603823,0.761089,0.736723,0.016794,-147.8777,171.7025,319.5802,"{legal=-153.81, causal=+96.10, liquidity=-74.34, temporal=-61.84, existence=+18.38, attention=+15.18, social=-9.01, health=+4.48, ...}"
agent_ebb3ea60c0,Signal Ledger 55,Borealgrad,BOR,finance,74.88,1022.5053,447.0165,4574.8705,128.5049,200449.852,372.6963,0.790447,0.57386,0.907033,0.384042,0.022583,67.7455,67.7455,0.0,"{causal=+17.43, existence=+14.35, legal=+9.37, social=+5.92, temporal=+5.70, liquidity=+3.42, attention=+3.34, potential=+1.59}"
agent_a6272b3d13,Green Nutrition 56,Faronreich,FAR,food,668.48,905.413,50727.8644,0.0,10108.5915,-312693.8474,256680.6778,0.927408,0.615027,0.683897,0.719324,0.014215,-1563.6263,363.6238,1927.2502,"{legal=-780.94, temporal=-665.79, liquidity=-308.87, causal=+210.25, social=-128.14, attention=+35.04, existence=+28.20, health=+13.86, ...}"
agent_31e2689892,Blue Mutual 57,Eldorland,ELD,insurance,413.24,332.2428,25175.9416,301.2267,2584.6776,-15846.1601,23603.752,1.156239,0.923877,0.92788,0.442724,0.09868,236.223,245.3234,9.1004,"{causal=+113.51, attention=+22.19, existence=+19.09, legal=+15.00, social=+13.75, risk_reduction=+13.62, temporal=+9.37, liquidity=-6.40, ...}"
agent_f74588efcd,Kinetic Motors 58,Borealgrad,BOR,mobility,2007.02,2679.8181,259573.8327,596.7791,3277.2357,-268817.663,22187.3479,1.175081,0.783332,0.94046,0.598171,0.038201,1561.3011,1589.2769,27.9758,"{causal=+665.85, legal=+233.39, temporal=+205.59, social=+143.86, attention=+112.36, liquidity=-27.98, existence=+22.44, potential=+2.16, ...}"
agent_060b2a3eeb,Nexus Culture 59,Borealgrad,BOR,entertainment,332.09,591.8316,21678.075,1346.4724,1763.321,116575.2298,55.2085,1.76652,0.5416,0.905374,0.373908,0.047105,244.3495,244.4809,0.1314,"{causal=+88.85, legal=+35.91, temporal=+30.71, social=+22.51, attention=+17.60, existence=+16.49, memory=+4.92, potential=+1.50, ...}"
agent_c11dad4695,Signal Travel 60,Eldorland,ELD,tourism,283.37,531.2762,5262.5418,980.3243,1028.6518,115508.1489,136.3703,0.682234,0.389595,0.786291,0.354653,0.024642,191.297,193.1397,1.8427,"{causal=+67.30, legal=+28.13, temporal=+25.82, social=+16.86, existence=+16.33, attention=+14.82, memory=+2.39, risk_reduction=-1.12, ...}"
agent_023d7c65c6,Union Scholars 61,Faronreich,FAR,education,616.32,1847.2247,10384.595,17981.2446,2576.5685,646176.5027,444.8928,1.27831,0.975937,0.99,0.472923,0.010615,306.7679,307.8611,1.0932,"{causal=+93.71, temporal=+39.74, legal=+33.41, attention=+25.68, social=+25.53, epistemic=+21.91, existence=+16.88, potential=+16.25, ...}"
agent_e231b71069,Nexus Arms 62,Helioia,HEL,defense,456.6,2899.0201,4078.4944,10678.3273,2444.3919,579774.5706,781.0743,0.711872,0.56062,0.99,0.268914,0.112257,225.4712,230.7782,5.307,"{causal=+77.31, legal=+31.86, temporal=+31.25, attention=+19.92, social=+18.99, existence=+17.39, security=+5.15, ecological=-3.84, ...}"
agent_b073dc3510,Astra Research 63,Kaelreich,KAE,research,726.42,3366.381,8961.9323,4221.5257,1977.7039,357885.761,69.6019,0.797592,0.445844,0.801863,0.416952,0.020292,318.8271,319.4298,0.6027,"{causal=+112.29, temporal=+48.15, legal=+45.20, attention=+30.76, social=+27.34, existence=+17.23, potential=+2.79, ecological=+1.91, ...}"
agent_6116dfce19,Union Habitat 64,Eldorland,ELD,housing,405.99,668.5541,4566.042,188.8931,390.2958,450127.0919,164.941,0.557727,0.620678,0.771261,0.346025,0.034864,244.2692,244.8753,0.6061,"{causal=+76.27, legal=+41.13, temporal=+31.44, social=+23.15, existence=+20.80, attention=+18.44, infrastructure=+3.56, security=+2.49, ...}"
agent_6594bd81a6,Vector Capital 65,Helioia,HEL,finance,440.76,1230.2037,16938.1173,660.7865,3909.1542,-140060.1788,96855.2995,0.731794,0.359747,0.673753,0.858046,0.022019,-76.9207,247.3227,324.2434,"{legal=-188.09, causal=+140.26, liquidity=-98.54, attention=+23.09, temporal=+19.78, existence=+18.85, social=+4.40, potential=+0.99}"
agent_36abe519fa,Blue Arms 66,Borealgrad,BOR,defense,491.68,2920.4193,17844.2293,1182.8381,3335.0165,469192.617,633.8603,0.966073,0.969292,0.99,0.270198,0.060147,292.6019,299.2551,6.6532,"{causal=+102.43, legal=+41.61, temporal=+39.76, attention=+24.43, social=+24.34, existence=+19.26, security=+7.26, ecological=-5.40, ...}"
agent_646b197449,Union Biomed 67,Helioia,HEL,health,203.07,1865.4858,5837.6642,0.0,1113.5064,198502.3616,1057.2875,0.706948,0.612887,0.859527,0.300325,0.018967,192.3279,194.5296,2.2017,"{causal=+62.85, legal=+26.69, temporal=+20.11, existence=+19.34, social=+15.85, attention=+10.81, health=+7.28, risk_reduction=+2.60, ...}"
agent_bcfd020ff7,Nexus Homes 68,Eldorland,ELD,housing,123.2,631.0782,1541.9447,1103.473,714.0235,404390.6984,320.9952,1.073738,0.931918,0.8702,0.483683,0.032657,133.8718,135.1646,1.2928,"{causal=+29.15, legal=+24.78, existence=+23.14, social=+13.24, temporal=+11.31, attention=+5.74, infrastructure=+5.63, security=+4.06, ...}"
agent_595a1c8450,Signal Agro 69,Galenheim,GAL,agriculture,117.62,633.9418,11160.6919,0.0,830.4486,-56710.8668,25631.5859,0.925054,0.41974,0.775459,0.575747,0.019315,55.7982,118.9922,63.194,"{causal=+65.18, legal=-28.80, liquidity=-28.64, existence=+17.86, attention=+7.25, social=+4.52, temporal=+1.96, potential=+1.16}"
agent_6077a61361,Blue Health 70,Eldorland,ELD,health,251.76,482.3819,15876.3716,0.0,618.0223,37448.2081,21.1529,0.939006,0.440819,0.728464,0.67957,0.012262,236.0474,236.0862,0.0388,"{causal=+83.53, legal=+36.65, temporal=+26.40, social=+20.49, existence=+18.35, attention=+13.87, health=+3.51, potential=+1.59, ...}"
agent_e9d8a46d87,Green Luxury 71,Faronreich,FAR,luxury,281.22,4818.6195,2355.9083,2573.8237,845.979,370683.8223,536.0831,0.609114,0.811687,0.99,0.272684,0.056784,133.628,134.4159,0.7879,"{causal=+41.93, temporal=+18.16, legal=+18.13, existence=+15.70, social=+13.02, attention=+11.97, potential=+2.24, liquidity=-0.79, ...}"
agent_26e88740fe,Nexus Stories 72,Galenheim,GAL,entertainment,190.01,535.188,1592.0908,0.0,618.9829,121214.1084,339.891,0.873503,0.728529,0.99,0.284171,0.098996,117.5008,119.4301,1.9293,"{causal=+38.09, legal=+15.50, existence=+15.07, temporal=+14.36, social=+11.17, attention=+9.04, memory=+3.36, potential=+2.01, ...}"
agent_8e6325354f,Iron Seed 73,Kaelreich,KAE,agriculture,45.6,2667.6724,2190.0753,0.0,999.9647,-115438.8292,29838.9868,0.554329,0.832159,0.436353,0.794801,0.023067,-2624.5767,59.7085,2684.2852,"{temporal=-1468.27, legal=-816.48, liquidity=-267.94, social=-209.48, causal=+26.44, existence=+18.26, attention=+2.81, potential=+2.30}"
agent_87e80d5c77,Terra Logistics 74,Galenheim,GAL,logistics,164.47,603.2209,14274.5892,0.0,925.8609,-160660.5796,20391.6553,0.782969,0.888209,0.689372,0.82689,0.018824,-505.6139,148.7372,654.3512,"{legal=-265.00, temporal=-227.87, liquidity=-120.97, causal=+88.29, social=-24.10, existence=+18.46, attention=+10.14, potential=+2.45}"
agent_b89e3f1368,Saffron Arms 75,Faronreich,FAR,defense,1236.08,8034.5289,33969.8018,1708.2386,1210.8234,503536.9053,395.9942,1.154066,0.660035,0.99,0.268879,0.035382,481.7313,484.9113,3.18,"{causal=+172.16, temporal=+77.38, legal=+67.65, attention=+51.36, social=+41.90, existence=+18.88, potential=+3.98, epistemic=+2.46, ...}"
agent_8953360406,Kinetic Legal 76,Jorvikmark,JOR,legal,130.7,3168.4731,3741.1818,0.0,1340.0675,-41201.0652,28634.2298,0.791257,0.483771,0.598994,0.74807,0.029601,-738.6437,104.2296,842.8733,"{temporal=-379.93, legal=-297.84, liquidity=-111.50, social=-56.70, causal=+48.61, existence=+16.35, potential=+7.49, attention=+7.23, ...}"
agent_71b8600ffd,Signal Health 77,Borealgrad,BOR,health,372.76,717.5621,15375.2599,0.0,664.7326,427903.3041,131.1699,0.989972,0.672148,0.978598,0.301367,0.013456,318.1724,318.7864,0.6139,"{causal=+97.06, legal=+41.97, temporal=+34.58, social=+24.40, health=+22.60, attention=+19.39, existence=+18.13, risk_reduction=+8.38, ...}"
agent_882e4ac4d7,Pioneer Security 78,Jorvikmark,JOR,security,407.35,1242.6512,7306.8925,1089.1504,1205.2131,67402.2622,182.7516,0.712313,0.656145,0.899624,0.63141,0.036637,251.2455,251.9997,0.7542,"{causal=+88.13, legal=+36.96, temporal=+32.55, social=+22.55, attention=+19.03, existence=+18.12, security=+2.67, risk_reduction=+2.16, ...}"
agent_746a371f0f,Vector Care 79,Borealgrad,BOR,health,385.46,1502.7662,38569.4714,0.0,1792.4209,-139457.5386,66.232,0.961512,0.623207,0.775521,0.320586,0.015011,380.6817,381.0995,0.4178,"{causal=+141.39, legal=+62.24, temporal=+42.63, social=+34.03, attention=+21.30, existence=+20.35, health=+4.58, potential=+2.17, ...}"
agent_01ada92f4d,Pioneer Seed 80,Damaria,DAM,agriculture,110.15,1219.5455,8819.7481,0.0,12476.4593,-544646.3695,428303.0327,0.769668,0.733108,0.574008,0.759982,0.017426,-3172.9593,108.5844,3281.5437,"{temporal=-1613.45, legal=-1089.57, liquidity=-360.75, social=-268.76, causal=+60.59, existence=+18.57, attention=+6.79, potential=+2.03}"
agent_29b7b358d5,Terra Grid 81,Borealgrad,BOR,energy,474.2,825.4435,32792.1342,0.0,2102.821,368376.8365,0.0,1.368354,0.7493,0.99,0.58602,0.043781,312.4778,318.9821,6.5042,"{causal=+113.60, legal=+43.07, temporal=+38.22, social=+25.20, attention=+23.01, existence=+20.72, infrastructure=+11.79, ecological=-6.19, ...}"
agent_539600bb24,Prism Rights 82,Galenheim,GAL,legal,583.97,947.6577,15205.1867,2613.4081,1427.8029,100106.3236,205.2891,1.000156,0.739613,0.99,0.371214,0.013403,398.4168,399.1767,0.76,"{causal=+140.69, legal=+70.83, temporal=+53.59, social=+36.32, attention=+30.52, existence=+15.49, epistemic=+3.34, potential=+2.04, ...}"
agent_71c111b18f,Blue Freight 83,Galenheim,GAL,logistics,95.19,683.9988,15762.8741,0.0,3139.7094,-282888.8657,94742.6703,1.245043,0.672441,0.762555,0.87748,0.030623,-1332.4026,103.0143,1435.4168,"{temporal=-669.07, legal=-496.17, liquidity=-157.08, social=-126.92, causal=+55.73, existence=+20.33, attention=+5.87, potential=+1.86}"
agent_72f1d47596,Civitas Care 84,Faronreich,FAR,health,217.81,2258.5377,5083.5955,0.0,227.3999,254193.6827,164.1896,0.56659,0.446855,0.731478,0.56992,0.025674,167.3462,167.9124,0.5662,"{causal=+54.11, legal=+23.98, existence=+19.04, temporal=+18.74, social=+13.98, attention=+10.59, health=+3.88, potential=+1.61, ...}"
agent_4ad1c43218,Atlas Habitat 85,Borealgrad,BOR,housing,55.69,1745.8406,213.1494,12905.183,342.1997,329346.4727,299.594,0.865914,0.898034,0.99,0.321833,0.02114,73.2479,74.1435,0.8955,"{causal=+15.91, existence=+15.20, legal=+12.70, social=+7.41, temporal=+5.43, attention=+2.64, potential=+2.48, infrastructure=+2.15, ...}"
agent_fac2833ad5,Meridian Assure 86,Kaelreich,KAE,insurance,134.15,1700.4664,613.7709,6634.5843,630.9839,168157.8505,114.0114,0.801621,0.674446,0.816508,0.295869,0.050043,93.4578,93.4578,0.0,"{causal=+26.21, existence=+14.97, legal=+13.92, temporal=+9.71, social=+6.94, attention=+5.78, risk_reduction=+3.41, potential=+1.86, ...}"
agent_b56af2b8f9,Cobalt Atelier 87,Galenheim,GAL,luxury,622.59,2239.2781,42838.0433,3406.2446,3128.9918,-126155.4642,37411.5488,1.068109,0.765711,0.99,0.634888,0.040011,269.6003,364.2405,94.6402,"{causal=+192.72, liquidity=-56.54, temporal=+40.36, attention=+33.73, legal=-31.75, social=+24.16, existence=+19.75, potential=+2.12, ...}"
agent_3d00a2a040,Pioneer Habitat 88,Lumerterra,LUM,housing,159.5,2696.4828,1564.1286,0.0,285.2964,674375.2347,805.3653,0.722952,0.712069,0.99,0.311382,0.020841,136.9071,138.7927,1.8856,"{causal=+35.72, legal=+24.71, existence=+19.40, social=+13.86, temporal=+13.68, attention=+7.56, infrastructure=+3.92, security=+2.57, ...}"
agent_6f7c6f1927,Helix Mobility 89,Galenheim,GAL,mobility,187.6,1717.4141,5642.2398,1001.873,799.5244,191949.4483,542.5846,1.172789,0.8813,0.99,0.205436,0.027001,132.099,134.6896,2.5906,"{causal=+45.26, existence=+18.30, legal=+17.65, temporal=+14.71, social=+10.59, attention=+8.80, liquidity=-2.59, potential=+2.43, ...}"
agent_20b4540a6e,Argent AI 90,Aurelterra,AUR,software,417.87,6897.6364,8280.8483,32598.7827,1633.4576,1965915.7609,543.5121,1.111078,0.665891,0.878394,0.282892,0.0395,230.8467,233.3432,2.4965,"{causal=+83.88, legal=+31.06, temporal=+30.00, social=+18.95, attention=+18.45, existence=+17.71, potential=+4.77, liquidity=-2.50, ...}"
agent_26be88bc99,Saffron Guard 91,Istrpolis,IST,security,48.88,1772.7092,121.6067,8003.322,140.5325,130948.583,132.2285,1.112725,0.700372,0.985128,0.494974,0.018869,49.997,50.5663,0.5693,"{causal=+13.60, existence=+11.89, legal=+5.70, social=+4.14, temporal=+3.10, attention=+2.06, potential=+1.93, security=+1.21, ...}"
agent_1533a053ef,Terra Biomed 92,Istrpolis,IST,health,198.01,2420.8615,3009.2613,0.0,817.6901,255283.5963,399.106,0.649096,0.93686,0.99,0.24731,0.030112,160.264,163.2592,2.9952,"{causal=+47.98, legal=+20.03, existence=+18.44, temporal=+16.81, social=+12.64, attention=+9.70, health=+8.60, potential=+3.49, ...}"
agent_431c3c9be8,Astra Works 93,Galenheim,GAL,construction,677.32,1976.0335,42906.3493,0.0,10296.1403,-499776.9612,302070.7445,0.604798,0.905775,0.816064,0.600797,0.029971,-2775.3987,430.96,3206.3587,"{legal=-1331.21, temporal=-1042.05, liquidity=-488.21, causal=+271.54, social=-261.06, attention=+40.18, existence=+24.99, infrastructure=+5.30, ...}"
agent_fd4298da0d,Pioneer Foods 94,Kaelreich,KAE,food,15.37,1502.795,0.0,2157.6017,17.7482,70538.8893,89.4452,0.785045,0.699745,0.753835,0.479535,0.019146,34.6943,35.8692,1.1749,"{existence=+12.12, causal=+8.15, legal=+3.58, social=+2.62, potential=+1.93, temporal=+1.41, liquidity=-1.17, attention=+0.78, ...}"
agent_83f377344d,Iron Systems 95,Borealgrad,BOR,software,748.51,965.6535,57523.893,0.0,2415.2861,-59605.8027,16099.4755,1.146228,0.791878,0.99,0.507114,0.021405,445.182,488.1216,42.9396,"{causal=+219.88, temporal=+65.92, liquidity=-42.94, attention=+39.66, social=+39.22, legal=+34.87, existence=+19.03, potential=+5.56, ...}"
agent_bb4d39ff6c,Blue Harvest 96,Lumerterra,LUM,food,269.36,603.7982,5459.2856,0.0,1989.7066,473126.4647,289.5349,1.296173,0.518634,0.838944,0.617441,0.014426,254.9946,255.9274,0.9328,"{causal=+73.09, legal=+29.93, existence=+28.06, temporal=+26.42, health=+24.47, social=+17.74, attention=+14.33, risk_reduction=+7.79, ...}"
agent_38a983597f,Meridian Transit 97,Lumerterra,LUM,mobility,290.31,2962.5182,19783.154,2039.0599,2456.9764,-12692.7271,34636.2215,0.932789,0.618131,0.99,0.432084,0.021989,124.4797,169.9843,45.5045,"{causal=+83.84, liquidity=-31.08, existence=+19.71, temporal=+15.73, attention=+15.16, legal=-12.02, social=+9.95, potential=+1.71, ...}"
agent_53da60a4e9,Blue Homes 98,Faronreich,FAR,housing,239.29,4481.8865,7340.0801,9951.4757,1049.548,653349.187,360.5305,1.052945,0.639389,0.90878,0.333634,0.042517,162.4389,163.6022,1.1633,"{causal=+48.87, legal=+25.98, existence=+21.23, temporal=+18.44, social=+14.91, attention=+10.73, infrastructure=+2.36, potential=+1.77, ...}"
agent_0fd9a9d692,Astra Atelier 99,Borealgrad,BOR,luxury,315.75,3215.6746,6888.3553,2996.5545,1700.5233,119577.4374,246.7891,0.513759,0.885171,0.99,0.475086,0.06275,216.1413,216.7542,0.6129,"{causal=+74.52, legal=+33.54, temporal=+27.65, social=+21.13, existence=+17.37, attention=+15.73, potential=+2.45, comparative=+0.69, ...}"
agent_2330c3c959,Atlas Broadcast 100,Galenheim,GAL,media,230.8,504.7458,6450.7549,1398.6569,1163.5623,15742.9918,1417.377,1.026389,0.79866,0.99,0.286076,0.040215,174.8507,175.6024,0.7516,"{causal=+60.39, legal=+25.21, temporal=+20.11, social=+17.20, existence=+16.63, attention=+12.21, potential=+2.21, epistemic=+1.61, ...}"
agent_b72de4f1e6,Prism Habitat 101,Borealgrad,BOR,housing,708.56,1522.4555,41319.0165,0.0,3401.4878,475847.3884,135.3958,1.126102,0.46994,0.985173,0.492498,0.039671,495.7612,496.0931,0.3319,"{causal=+175.92, legal=+84.82, temporal=+64.37, social=+47.20, attention=+35.16, existence=+23.26, infrastructure=+3.98, security=+2.69, ...}"
agent_45fdf6ebdd,Pioneer Law 102,Helioia,HEL,legal,317.77,2803.9285,3887.0535,352.2304,959.0985,180783.4864,192.4066,0.542034,0.576287,0.86623,0.631002,0.018746,201.429,201.8064,0.3774,"{causal=+67.65, legal=+33.14, temporal=+26.05, social=+18.04, existence=+16.86, attention=+15.55, potential=+1.59, epistemic=+0.99, ...}"
agent_77944a4151,Sol Works 103,Galenheim,GAL,construction,220.3,1738.9814,13266.2506,0.0,1124.2877,8149.6466,112.3141,1.224458,0.438762,0.722566,0.60384,0.022493,206.65,207.0773,0.4273,"{causal=+74.89, legal=+31.53, temporal=+23.24, existence=+18.74, social=+17.77, attention=+12.21, infrastructure=+2.04, potential=+1.21, ...}"
agent_691696dc65,Nova Fields 104,Faronreich,FAR,agriculture,17.27,1728.9738,1771.2574,0.0,563.9122,-37954.2835,18749.159,1.122897,0.783636,0.720677,0.782457,0.016998,-218.4859,39.0693,257.5553,"{temporal=-132.44, legal=-83.95, liquidity=-35.21, causal=+15.31, existence=+14.23, social=-10.05, potential=+2.16, attention=+1.06}"
agent_d1039ec4e8,Civitas Logistics 105,Galenheim,GAL,logistics,15.53,1068.7774,1209.6403,0.0,518.6156,-35428.2097,15870.8356,0.948549,0.615302,0.646749,0.718711,0.019555,-141.5082,35.9675,177.4757,"{temporal=-97.22, legal=-56.26, liquidity=-24.59, existence=+14.35, causal=+13.41, social=-3.04, potential=+1.70, attention=+0.96}"
agent_968c34d933,Blue Learning 106,Eldorland,ELD,education,458.56,434.8617,11029.1376,982.6526,2221.5107,258490.734,184.2323,1.153824,0.743724,0.99,0.328561,0.027968,300.7331,301.583,0.8499,"{causal=+99.75, temporal=+38.77, legal=+37.79, social=+25.93, attention=+22.80, existence=+15.82, epistemic=+14.46, potential=+11.12, ...}"
agent_562693d53d,Vertex Infrastructure 107,Lumerterra,LUM,construction,298.69,4414.4501,48545.3612,0.0,12145.9546,-493559.8761,352742.8937,1.131784,0.788203,0.902604,0.73582,0.014773,-2080.6584,210.3958,2291.0542,"{temporal=-952.19, legal=-849.54, liquidity=-275.59, social=-207.39, causal=+122.32, existence=+24.06, attention=+17.59, infrastructure=+3.82, ...}"
agent_4c4054649e,Terra Security 108,Borealgrad,BOR,security,204.48,1200.0392,5757.7088,5409.7856,956.9417,144492.3308,239.0515,0.832502,0.629578,0.99,0.55575,0.025463,149.7776,150.4862,0.7085,"{causal=+48.54, legal=+21.23, existence=+17.12, temporal=+16.69, social=+13.54, attention=+9.69, security=+2.70, risk_reduction=+2.19, ...}"
agent_a6345bdb4a,Union Care 109,Borealgrad,BOR,health,292.49,994.3131,23680.7927,599.0623,1683.8205,18116.0483,3608.1073,1.110123,0.750575,0.900831,0.379796,0.0071,266.7214,269.3718,2.6505,"{causal=+93.73, legal=+35.05, temporal=+27.70, social=+21.48, existence=+19.50, attention=+15.77, health=+10.61, risk_reduction=+3.81, ...}"
agent_f20de20507,Civitas Fields 110,Eldorland,ELD,agriculture,24.46,515.7744,3196.3824,0.0,203.708,-26654.8701,4651.4679,1.262233,0.407961,0.550844,0.525275,0.011026,25.6917,46.6298,20.938,"{causal=+19.74, existence=+16.09, temporal=-10.56, legal=-6.39, liquidity=-4.29, attention=+1.51, potential=+1.13, social=+0.70}"
agent_f880258080,Signal Nutrition 111,Jorvikmark,JOR,food,150.16,698.8424,630.4654,0.0,368.8197,208106.1239,66.604,0.966183,0.364083,0.731865,0.615025,0.019644,114.5621,114.6625,0.1004,"{causal=+35.18, existence=+16.93, legal=+15.07, temporal=+12.29, social=+9.02, attention=+7.26, health=+3.74, risk_reduction=+1.23, ...}"
agent_ecd9aded94,Green Systems 112,Borealgrad,BOR,software,1115.97,562.6565,85903.0061,377.784,2763.8678,143221.0867,100.6378,1.384789,0.429063,0.915597,0.425799,0.018106,723.0578,723.4566,0.3988,"{causal=+276.50, legal=+109.48, temporal=+101.58, social=+63.70, attention=+57.51, existence=+20.12, potential=+6.48, epistemic=+4.35, ...}"
agent_26eb182266,Vertex Build 113,Lumerterra,LUM,construction,274.54,3412.3954,25118.043,6547.8209,2904.0357,23340.5414,40877.786,1.135567,0.632519,0.765098,0.694958,0.024709,-210.4129,144.7622,355.1751,"{legal=-171.15, liquidity=-81.64, causal=+77.97, temporal=-66.46, existence=+22.59, attention=+13.58, social=-12.96, infrastructure=+3.15, ...}"
agent_d497f77705,Meridian Scholars 114,Kaelreich,KAE,education,484.02,3262.1285,9745.4311,0.0,1750.5136,285559.1816,42.217,0.909575,0.396165,0.781541,0.633642,0.023044,272.3249,272.3431,0.0181,"{causal=+95.56, legal=+39.63, temporal=+37.65, social=+23.92, attention=+22.96, existence=+18.31, potential=+2.74, epistemic=+2.72, ...}"
agent_e6001ea8f4,Nova Arms 115,Faronreich,FAR,defense,1507.84,7052.6121,24014.4842,5245.2015,1823.7721,445723.9339,338.791,0.614741,0.975612,0.99,0.462837,0.057289,588.2443,591.7969,3.5526,"{causal=+211.29, temporal=+96.61, legal=+86.08, attention=+62.99, social=+52.45, existence=+19.16, security=+3.17, potential=+2.70, ...}"
agent_dc894f6e1e,Sol Infrastructure 116,Borealgrad,BOR,construction,63.1,1949.386,2417.654,0.0,416.7428,296968.4491,98.2357,1.041186,0.553111,0.814538,0.284871,0.052347,87.5535,87.7475,0.1941,"{causal=+24.16, existence=+20.36, legal=+10.84, temporal=+6.18, social=+6.07, infrastructure=+4.47, attention=+3.30, potential=+1.53, ...}"
agent_68e5b7f71a,Blue Assure 117,Faronreich,FAR,insurance,273.67,1785.3325,7846.1099,0.0,856.5143,165767.6026,433.5292,1.298864,0.975673,0.99,0.436154,0.093207,187.8617,187.8617,0.0,"{causal=+59.73, legal=+30.40, temporal=+22.07, existence=+15.19, social=+14.81, attention=+12.79, risk_reduction=+7.40, potential=+2.70, ...}"
agent_778bf82c67,Vector Frontier 118,Cyrenesia,CYR,research,1272.12,4117.6074,25717.0913,2898.0361,2962.262,489322.0485,426.7957,0.76213,0.793883,0.99,0.321191,0.034495,557.1671,557.8157,0.6485,"{causal=+198.65, temporal=+86.73, legal=+81.12, attention=+55.38, social=+48.96, existence=+19.72, potential=+4.74, ecological=+3.81, ...}"
agent_5581a10318,Meridian Infrastructure 119,Borealgrad,BOR,construction,93.4,2434.1085,1441.3586,0.0,319.8228,447584.5833,761.1134,0.852062,0.875804,0.99,0.323301,0.047684,98.3641,100.0229,1.6588,"{causal=+26.09, existence=+21.46, legal=+10.81, infrastructure=+8.34, temporal=+7.59, social=+6.50, attention=+4.47, potential=+2.42, ...}"
agent_fa3a30506f,Blue Motors 120,Eldorland,ELD,mobility,117.59,1138.7552,2024.2862,0.0,139.8069,186762.3117,268.4342,0.953601,0.864608,0.99,0.430947,0.017295,85.5087,86.9985,1.4898,"{causal=+26.81, existence=+15.74, legal=+10.67, temporal=+8.73, social=+6.57, attention=+5.51, potential=+2.39, liquidity=-1.49, ...}"
agent_f9febf7292,Blue Capital 121,Helioia,HEL,finance,424.55,1434.6811,4813.4592,0.0,941.5334,269261.1069,1032.479,0.615921,0.662607,0.915301,0.29011,0.030832,259.9193,259.9193,0.0,"{causal=+87.49, legal=+39.89, temporal=+34.68, social=+23.57, attention=+20.41, existence=+17.71, liquidity=+8.07, potential=+1.83}"
agent_22188a37f5,Vertex Foods 122,Damaria,DAM,food,319.87,540.1258,11232.1551,8928.8404,1567.0834,135193.9527,865.0468,0.981325,0.713672,0.99,0.263756,0.062203,271.9508,273.5156,1.5649,"{causal=+87.09, legal=+37.05, temporal=+29.98, existence=+26.75, social=+21.69, attention=+16.03, health=+14.56, risk_reduction=+4.59, ...}"
agent_c8841d0074,Argent Minerals 123,Lumerterra,LUM,mining,14.25,1006.5792,1699.5276,0.0,1296.7003,-81947.2877,42608.17,0.932686,0.953086,0.798,0.889282,0.01653,-656.3759,38.0544,694.4303,"{temporal=-371.22, legal=-218.36, liquidity=-75.14, social=-46.35, existence=+16.21, causal=+12.69, potential=+2.63, attention=+0.88}"
agent_bb2643e28b,Omni Agro 124,Galenheim,GAL,agriculture,64.22,785.4577,5818.3761,0.0,1033.6312,-145044.7755,27019.8634,0.749978,0.558752,0.66388,0.661503,0.015429,-985.848,74.7178,1060.5658,"{temporal=-533.63, legal=-347.24, liquidity=-123.74, social=-73.94, causal=+37.06, existence=+19.03, attention=+3.96, potential=+1.54}"
agent_0643287415,Nova Capital 125,Borealgrad,BOR,finance,182.05,1104.5961,7534.4125,2695.0854,298.8474,282569.947,246.2034,1.448038,0.969637,0.99,0.328572,0.047314,144.4605,144.4605,0.0,"{causal=+42.28, legal=+22.28, existence=+16.73, temporal=+14.68, social=+12.68, liquidity=+10.05, attention=+8.27, potential=+2.68}"
agent_e9292545b6,Union Minerals 126,Eldorland,ELD,mining,11.77,323.6357,887.7892,0.0,389.0801,-35669.8781,11663.5645,0.623405,0.622467,0.509873,0.72111,0.055416,-279.8555,33.091,312.9465,"{temporal=-146.82, legal=-107.42, liquidity=-34.10, social=-27.93, existence=+16.64, causal=+9.60, potential=+1.72, attention=+0.73}"
agent_b972a083b5,Union Markets 127,Borealgrad,BOR,finance,263.46,937.8236,11523.7695,0.0,1380.2583,48976.1946,89.5292,0.98068,0.509784,0.814621,0.574228,0.054515,207.2374,207.2374,0.0,"{causal=+71.51, legal=+33.25, temporal=+24.42, social=+18.65, existence=+16.90, attention=+13.54, liquidity=+4.28, potential=+1.41}"
agent_eb48093d45,Civitas Minerals 128,Eldorland,ELD,mining,51.62,223.9914,3645.6238,0.0,835.1647,-89408.919,23844.0586,0.480229,0.464954,0.467957,0.66028,0.064615,-961.5309,63.4702,1025.0011,"{temporal=-492.08, legal=-346.51, liquidity=-117.11, social=-82.01, causal=+29.06, existence=+19.43, attention=+3.18, potential=+1.28}"
agent_4088936174,Pioneer Mining 129,Lumerterra,LUM,mining,102.56,1602.6092,12439.492,0.0,1506.0585,-113409.0332,46767.6476,0.657601,0.716721,0.774004,0.819461,0.035857,-224.2185,103.7652,327.9837,"{legal=-131.94, temporal=-116.17, causal=+56.02, liquidity=-55.95, existence=+20.22, social=-16.62, attention=+6.32, potential=+1.98}"
agent_82a70222e7,Signal Entertainment 130,Eldorland,ELD,entertainment,315.89,313.5185,24170.9267,0.0,3862.1903,-365962.9225,72580.8811,0.748874,0.76307,0.787982,0.701682,0.138707,-881.7115,217.8409,1099.5525,"{temporal=-459.04, legal=-407.45, liquidity=-133.16, causal=+132.34, social=-96.97, existence=+19.81, attention=+18.78, memory=+3.62, ...}"
agent_ab7dbbcbd5,Signal Infrastructure 131,Eldorland,ELD,construction,179.59,1924.5705,13769.2238,656.8322,558.3371,81396.7863,387.3575,1.200809,0.768076,0.75877,0.442279,0.042987,161.05,163.1167,2.0668,"{causal=+57.35, legal=+22.22, existence=+20.17, temporal=+17.15, social=+13.26, attention=+9.23, potential=+2.12, liquidity=-2.07, ...}"
agent_4c2e0cd972,Vector Grid 132,Borealgrad,BOR,energy,485.58,734.7265,10876.305,7584.2978,2439.9492,503428.7884,207.8251,0.803843,0.785465,0.960779,0.525486,0.024147,313.7829,325.7704,11.9875,"{causal=+115.11, legal=+41.30, temporal=+37.63, social=+24.41, attention=+22.27, existence=+19.01, infrastructure=+18.63, ecological=-11.13, ...}"
agent_e23d01af82,Blue Harvest 133,Helioia,HEL,food,256.97,759.4602,1259.1161,2227.3692,545.8279,576644.9878,677.3414,1.147784,0.509615,0.753764,0.232716,0.007866,166.7663,167.8998,1.1335,"{causal=+50.94, temporal=+20.02, existence=+19.99, legal=+19.61, social=+12.33, attention=+11.95, health=+9.46, risk_reduction=+3.27, ...}"
agent_18235636f8,Nova Habitat 134,Helioia,HEL,housing,184.27,5058.2076,4249.8272,45249.448,256.8324,1052761.3271,226.726,1.060225,0.475051,0.745884,0.635714,0.057298,141.7625,142.1718,0.4093,"{causal=+43.57, legal=+22.15, existence=+19.86, temporal=+15.49, social=+12.56, attention=+8.71, infrastructure=+1.66, potential=+1.31, ...}"
agent_74ffa281e1,Union Mobility 135,Jorvikmark,JOR,mobility,274.59,4042.8484,8851.6131,1431.6938,502.0637,120202.7259,261.5366,1.300729,0.637123,0.880519,0.320836,0.015938,172.7418,173.9056,1.1638,"{causal=+61.59, legal=+24.47, temporal=+21.43, existence=+17.64, social=+14.63, attention=+12.58, potential=+1.76, liquidity=-1.16, ...}"
agent_fa992ad142,Omni Aegis 136,Lumerterra,LUM,defense,280.81,3382.771,2104.3535,12908.0828,887.9828,710101.4417,220.5733,0.647094,0.702973,0.99,0.504322,0.020179,135.1863,139.2128,4.0265,"{causal=+41.28, legal=+17.61, temporal=+16.88, existence=+16.76, attention=+11.52, social=+10.39, security=+5.29, ecological=-3.43, ...}"
agent_c210cd7090,Atlas Routes 137,Galenheim,GAL,logistics,59.97,798.9666,8559.9135,0.0,496.0488,-52588.2103,15184.1618,1.399569,0.804456,0.760646,0.728534,0.013401,-318.7287,76.0864,394.8151,"{temporal=-167.36, legal=-146.09, liquidity=-60.19, causal=+38.64, social=-18.95, existence=+17.67, attention=+3.70, potential=+2.22}"
agent_f9f4c6d793,Blue Biomed 138,Eldorland,ELD,health,269.31,401.6422,14388.3466,2299.1661,275.0087,172375.0322,194.4907,1.123431,0.708007,0.827892,0.554827,0.010086,217.0675,217.7222,0.6546,"{causal=+70.46, legal=+29.37, temporal=+23.66, existence=+18.78, social=+17.23, attention=+13.28, health=+9.01, risk_reduction=+3.29, ...}"
agent_f3cdf50cdf,Meridian Health 139,Kaelreich,KAE,health,186.83,5383.4748,5220.4213,10263.7193,630.1111,107748.5522,871.8107,0.819384,0.428216,0.756572,0.545055,0.012824,161.9885,162.2576,0.2691,"{causal=+56.14, legal=+24.57, temporal=+17.59, existence=+17.43, social=+14.10, attention=+9.53, health=+1.31, potential=+1.31, ...}"
agent_87d7321cbf,Union Research 140,Borealgrad,BOR,research,644.96,3964.9455,18635.4585,8168.5395,1795.6382,295058.0685,169.0334,0.931724,0.591537,0.99,0.376547,0.039515,325.3686,325.6942,0.3256,"{causal=+116.01, legal=+47.94, temporal=+47.32, social=+28.82, attention=+28.74, existence=+17.31, potential=+2.76, ecological=+1.42, ...}"
agent_57f606400a,Helix Infrastructure 141,Galenheim,GAL,construction,209.48,2179.9903,8881.3375,0.0,1553.9397,-14849.6457,19552.4598,0.680775,0.630195,0.857503,0.539759,0.027216,101.3059,158.6307,57.3248,"{causal=+72.04, liquidity=-34.82, existence=+21.41, legal=-18.75, attention=+11.45, temporal=+10.84, social=+8.62, potential=+4.33, ...}"
agent_a945e023b7,Union Mining 142,Cyrenesia,CYR,mining,9.37,1831.6703,543.1715,0.0,550.4892,-30132.8872,18567.0753,0.601173,0.810672,0.481083,0.896322,0.030103,-95.1633,31.9197,127.0829,"{temporal=-69.76, legal=-39.43, liquidity=-18.39, existence=+16.73, causal=+8.26, social=-2.32, potential=+2.24, attention=+0.58}"
agent_751fedfbe9,Blue Travel 143,Faronreich,FAR,tourism,608.68,3731.6091,16206.4823,6816.875,1484.7092,230845.2176,792.9741,1.04397,1.002679,0.99,0.186109,0.038085,284.0549,289.486,5.4312,"{causal=+101.88, temporal=+42.81, legal=+39.85, attention=+26.57, social=+25.17, existence=+17.64, memory=+4.21, liquidity=-3.28, ...}"
agent_291c898e9c,Argent Transit 144,Borealgrad,BOR,mobility,210.95,1846.7733,7366.9049,5030.1,1076.504,164566.1845,391.3958,0.774026,0.479897,0.783655,0.408392,0.030154,156.6126,157.4824,0.8697,"{causal=+54.03, legal=+22.59, existence=+18.66, temporal=+18.62, social=+13.10, attention=+10.68, potential=+1.33, liquidity=-0.87, ...}"
agent_bf1528d24a,Argent Learning 145,Galenheim,GAL,education,607.88,496.1466,4665.6198,317.3679,2615.3071,314570.041,174.5136,0.83751,0.804569,0.99,0.394025,0.012089,366.4611,367.1088,0.6477,"{causal=+115.39, temporal=+48.00, legal=+43.73, social=+31.63, attention=+29.01, epistemic=+23.62, potential=+17.56, existence=+15.83, ...}"
agent_9d036e3a55,Pioneer Homes 146,Borealgrad,BOR,housing,70.5,2762.4188,1115.4497,0.0,286.1726,576841.505,31.1953,1.015814,0.620967,0.877772,0.397381,0.014188,83.6598,83.6675,0.0077,"{causal=+20.53, existence=+16.87, legal=+14.08, social=+7.75, temporal=+6.54, attention=+3.54, infrastructure=+1.82, potential=+1.72, ...}"
agent_17968feb37,Cobalt Seed 147,Galenheim,GAL,agriculture,46.73,817.5862,4052.7225,0.0,1227.9974,-116586.9465,38020.0514,0.8427,0.730022,0.70977,0.812566,0.038245,-856.9959,61.5933,918.5892,"{temporal=-435.04, legal=-315.50, liquidity=-108.14, social=-68.96, causal=+28.69, existence=+17.45, attention=+2.88, potential=+2.02}"
agent_ffe2d1cf8f,Saffron Nutrition 148,Galenheim,GAL,food,266.88,477.0948,5312.591,9976.806,1428.0449,440247.4521,181.3987,1.575811,0.777422,0.936194,0.382639,0.009772,233.1424,233.8577,0.7154,"{causal=+62.17, existence=+30.01, health=+26.20, legal=+24.70, temporal=+22.76, social=+14.94, attention=+12.67, risk_reduction=+8.23, ...}"
agent_b2d4f0254f,Terra Shield 149,Istrpolis,IST,security,190.62,2709.8932,6627.232,6300.6011,1525.1758,-9930.4999,32816.2358,0.895761,0.614439,0.568466,0.672225,0.035131,-1598.7475,106.923,1705.6705,"{temporal=-860.30, legal=-555.99, liquidity=-196.63, social=-122.89, causal=+57.12, existence=+18.02, attention=+9.59, potential=+1.70, ...}"
agent_9309b7f4a6,Union Mobility 150,Galenheim,GAL,mobility,54.98,1590.7808,330.6984,0.0,281.0398,192804.4155,326.1683,1.005474,0.785539,0.99,0.205812,0.025042,58.3945,60.4659,2.0714,"{causal=+17.39, existence=+14.64, legal=+6.93, social=+4.34, temporal=+4.19, attention=+2.51, potential=+2.17, liquidity=-2.07, ...}"
agent_eeea39a20f,Helix Fields 151,Galenheim,GAL,agriculture,156.14,477.2823,11246.5771,0.0,4407.6283,-558810.8842,126069.4199,0.655946,0.898741,0.619186,0.801415,0.029068,-6877.5076,141.4743,7018.9818,"{temporal=-3749.73, legal=-2175.75, liquidity=-725.91, social=-549.89, causal=+83.36, existence=+18.18, attention=+9.63, potential=+2.48}"
agent_3071182fc3,Civitas Agro 152,Galenheim,GAL,agriculture,47.29,778.2756,4553.9408,0.0,2438.6518,-155487.3426,77986.392,0.953996,0.759572,0.615526,0.70813,0.005361,-1010.7466,63.0661,1073.8127,"{temporal=-527.52, legal=-358.23, liquidity=-117.64, social=-86.56, causal=+29.63, existence=+17.52, attention=+2.92, potential=+2.10}"
agent_78eb6dda38,Pioneer Legal 153,Borealgrad,BOR,legal,228.81,1785.0823,5302.8051,1287.1058,282.2749,213798.4033,403.9499,1.02477,0.835379,0.99,0.402264,0.018281,136.0343,136.9135,0.8792,"{causal=+40.57, legal=+23.76, existence=+16.13, temporal=+15.30, social=+12.01, attention=+9.83, potential=+2.31, epistemic=+1.77, ...}"
agent_5754f3e351,Sol Grid 154,Helioia,HEL,energy,578.41,2145.5887,28434.8999,0.0,8600.9339,-296654.7838,172126.4309,0.767014,0.502242,0.618389,0.754023,0.041515,-1388.5695,288.6278,1677.1973,"{legal=-660.05, temporal=-612.39, liquidity=-256.20, causal=+175.52, social=-117.65, attention=+30.08, existence=+21.94, infrastructure=+3.82, ...}"
agent_6e88d76f79,Atlas Insurance 155,Helioia,HEL,insurance,215.77,1746.0047,1960.1297,1062.8695,829.7139,297045.6495,284.2473,0.918069,0.715429,0.951781,0.549628,0.038377,145.01,145.01,0.0,"{causal=+44.42, legal=+23.35, temporal=+17.21, existence=+14.14, social=+11.55, attention=+10.26, risk_reduction=+5.32, potential=+1.98, ...}"
agent_144644f4d8,Quantum Shield 156,Lumerterra,LUM,security,199.28,1294.7383,3375.3585,3167.0905,237.2192,284288.6295,348.2063,0.945095,0.503734,0.971562,0.298003,0.024126,125.322,126.2452,0.9232,"{causal=+39.47, legal=+15.92, existence=+15.88, temporal=+14.34, social=+11.03, attention=+9.02, security=+3.03, risk_reduction=+2.53, ...}"
agent_c467b28621,Nexus Broadcast 157,Borealgrad,BOR,media,250.53,824.9209,5168.4603,6991.4422,620.0645,262965.6764,427.4264,0.978474,0.894371,0.99,0.308587,0.021123,161.769,163.0906,1.3216,"{causal=+53.95, legal=+22.82, temporal=+19.27, social=+16.91, existence=+15.31, attention=+12.25, potential=+2.47, epistemic=+2.27, ...}"
agent_84d8650b79,Kinetic Homes 158,Eldorland,ELD,housing,204.74,986.5093,7087.2358,0.0,1114.2822,314992.5097,273.6293,0.780649,0.539307,0.800106,0.318874,0.032556,175.8081,177.1213,1.3133,"{causal=+55.67, legal=+28.78, existence=+21.49, temporal=+19.26, social=+16.19, attention=+10.45, infrastructure=+2.17, potential=+1.49, ...}"
agent_75cb740038,Omni Ore 159,Borealgrad,BOR,mining,78.35,720.4861,9619.9699,0.0,984.7378,-145522.4427,22717.7918,0.728214,0.587853,0.646075,0.646483,0.034437,-222.6533,86.3405,308.9938,"{legal=-133.59, temporal=-87.81, liquidity=-61.18, causal=+44.13, existence=+20.34, social=-14.29, attention=+4.83, potential=+1.62}"
agent_b9f1303c23,Terra Ledger 160,Jorvikmark,JOR,finance,304.94,1410.1403,8304.1456,926.1998,774.0838,45654.7487,149.6106,0.922681,0.686819,0.800018,0.657284,0.084256,218.5717,218.5717,0.0,"{causal=+76.34, legal=+33.82, temporal=+26.97, social=+19.41, existence=+17.47, attention=+15.01, liquidity=+3.30, potential=+1.90}"
agent_a0cc9a8c58,Vector Capital 161,Galenheim,GAL,finance,300.13,1048.3479,13765.3725,0.0,2127.1197,-44544.3282,24669.5296,0.908787,0.568476,0.99,0.297257,0.043084,162.0829,179.7132,17.6303,"{causal=+89.43, existence=+18.86, temporal=+16.92, attention=+16.32, social=+12.68, liquidity=-11.53, legal=-5.08, potential=+1.57}"
agent_2877439488,Blue Law 162,Borealgrad,BOR,legal,80.29,647.1361,288.6873,195.9367,564.1982,131167.3376,191.0267,0.911632,0.90041,0.99,0.510628,0.015733,89.8824,90.5342,0.6518,"{legal=+21.54, causal=+19.44, existence=+13.44, social=+8.21, temporal=+6.08, attention=+3.79, epistemic=+3.34, potential=+2.49, ...}"
agent_eea73a4341,Kinetic AI 163,Galenheim,GAL,software,511.87,916.803,36002.5286,1382.5152,771.1291,27071.2331,14.297,1.372819,0.39559,0.810124,0.536975,0.0282,368.2417,368.2506,0.0088,"{causal=+138.35, legal=+57.76, temporal=+47.58, social=+32.87, attention=+26.46, existence=+19.64, potential=+1.79, epistemic=+0.58, ...}"
agent_e743784ab5,Iron Care 164,Istrpolis,IST,health,286.07,3085.9419,13947.7276,6641.9751,458.9925,101475.0697,203.6902,0.956239,0.785086,0.864367,0.470265,0.041433,237.3843,239.4781,2.0938,"{causal=+84.73, legal=+36.14, temporal=+26.85, social=+20.81, existence=+20.27, attention=+14.39, health=+2.72, potential=+2.45, ...}"
agent_40301ee611,Quantum Works 165,Galenheim,GAL,construction,284.3,1840.6426,8350.6973,0.0,888.0138,78498.5457,353.6281,0.746467,0.739077,0.888699,0.266689,0.022264,221.514,222.5215,1.0074,"{causal=+77.38, legal=+33.46, temporal=+26.29, existence=+19.94, social=+19.21, attention=+14.74, infrastructure=+3.44, potential=+2.04, ...}"
agent_bfcc5e4242,Vertex Fields 166,Faronreich,FAR,agriculture,34.48,1352.7894,2585.4221,0.0,566.2021,-74446.3517,14830.9749,0.62621,0.517286,0.598971,0.756226,0.025827,-168.6376,50.9651,219.6027,"{temporal=-102.52, legal=-77.07, liquidity=-31.91, causal=+21.19, existence=+18.18, social=-8.97, attention=+2.13, potential=+1.43}"
agent_6fe7aad45c,Omni AI 167,Borealgrad,BOR,software,352.07,840.4008,28329.7809,0.0,405.7962,233880.7075,130.7008,1.884087,0.556011,0.903104,0.38358,0.01648,256.7816,257.5253,0.7436,"{causal=+95.92, legal=+35.97, temporal=+31.44, social=+21.18, attention=+18.13, existence=+17.59, potential=+4.10, epistemic=+2.14, ...}"
agent_c58dc80822,Signal Broadcast 168,Lumerterra,LUM,media,453.12,1121.7215,25554.3603,2422.567,1578.0814,114986.8591,1330.6739,1.308965,1.011309,0.99,0.223106,0.060585,295.0734,299.3292,4.2558,"{causal=+108.06, legal=+42.23, temporal=+40.08, social=+29.58, attention=+23.83, existence=+17.18, liquidity=-4.26, potential=+2.79, ...}"
agent_cf3616a2f8,Meridian Broadcast 169,Eldorland,ELD,media,250.84,319.6526,11320.6774,79.495,2584.9553,-128925.358,50036.2527,0.704742,0.527119,0.731159,0.699528,0.036073,-27.3414,150.4822,177.8237,"{causal=+88.06, legal=-68.36, liquidity=-50.83, temporal=-45.90, existence=+17.69, attention=+14.40, social=-6.61, potential=+1.46, ...}"
agent_a33028a652,Civitas Transit 170,Borealgrad,BOR,mobility,388.31,3971.1104,19795.7772,433.1999,558.2392,220849.0423,69.2356,1.195725,0.595762,0.953523,0.285872,0.028355,228.3923,228.4591,0.0667,"{causal=+80.39, legal=+33.61, temporal=+30.54, social=+19.74, existence=+19.35, attention=+18.35, potential=+1.65, infrastructure=+0.34, ...}"
agent_bccf12c74b,Civitas Transit 171,Istrpolis,IST,mobility,175.59,7360.2183,2349.3401,1226.7764,659.1099,79209.6952,624.4563,0.598165,0.652151,0.810085,0.525928,0.016131,104.8255,114.361,9.5355,"{causal=+40.93, existence=+16.06, temporal=+13.57, legal=+11.70, liquidity=-9.54, social=+9.47, attention=+7.98, potential=+1.80, ...}"
agent_5bd4fb5609,Meridian Systems 172,Kaelreich,KAE,software,202.83,2336.1212,3167.9242,850.1786,301.5493,159656.726,22.2599,1.224985,0.370909,0.650241,0.630564,0.020529,119.8407,119.8761,0.0354,"{causal=+40.93, existence=+15.83, legal=+15.49, temporal=+14.09, social=+9.34, attention=+8.80, potential=+1.69, epistemic=+0.59, ...}"
agent_e2aa45b881,Meridian Frontier 173,Galenheim,GAL,research,534.22,1168.7113,11327.8595,5158.1226,1283.5633,281494.5648,346.3088,1.326765,0.535004,0.99,0.273128,0.029619,264.7837,265.8935,1.1098,"{causal=+90.32, temporal=+38.16, legal=+35.53, attention=+24.31, social=+22.38, existence=+15.95, potential=+4.37, ecological=+3.68, ...}"
agent_53578d3c12,Cobalt Build 174,Faronreich,FAR,construction,241.31,4327.9203,10636.4662,23555.2504,492.2254,247132.267,150.2426,0.936017,0.536338,0.99,0.551407,0.076859,180.4456,180.8597,0.4141,"{causal=+60.10, legal=+27.09, existence=+21.13, temporal=+20.48, social=+15.61, attention=+11.64, infrastructure=+2.75, potential=+1.48, ...}"
agent_24ade696f8,Helix Learning 175,Borealgrad,BOR,education,354.44,497.8858,179.9383,9562.3093,2361.8496,297393.4949,524.6444,0.534699,0.821243,0.99,0.405429,0.021959,199.5794,200.9908,1.4113,"{causal=+56.26, temporal=+23.14, legal=+21.09, social=+16.88, epistemic=+15.90, potential=+15.09, existence=+14.77, attention=+14.03, ...}"
agent_4890eb3377,Sol Harvest 176,Borealgrad,BOR,food,462.39,411.0501,44078.8661,13097.6718,1403.0617,553679.2015,0.0,1.621964,0.693405,0.813698,0.536236,0.013514,413.7467,413.7467,0.0,"{causal=+127.67, legal=+53.80, temporal=+43.62, existence=+36.27, health=+32.86, social=+30.26, attention=+22.64, risk_reduction=+10.74, ...}"
agent_8739203415,Pioneer Frontier 177,Lumerterra,LUM,research,313.58,2204.4331,4932.1906,1884.2734,1931.3267,462704.6242,725.1026,1.023948,0.742149,0.99,0.274823,0.025367,169.8217,171.7022,1.8805,"{causal=+51.73, temporal=+21.20, legal=+19.45, existence=+15.35, attention=+14.00, social=+12.95, potential=+6.86, ecological=+5.22, ...}"
agent_c739f3bbf2,Prism Entertainment 178,Galenheim,GAL,entertainment,259.67,362.6005,2149.7093,1219.9863,1078.2288,98050.2403,185.6827,0.840831,0.550609,0.99,0.305534,0.023189,160.4197,160.924,0.5043,"{causal=+52.74, legal=+22.91, temporal=+20.39, existence=+16.04, social=+15.46, attention=+12.53, memory=+4.66, potential=+1.52, ...}"
agent_7ca0f67345,Green Logistics 179,Jorvikmark,JOR,logistics,112.67,924.2335,11711.171,0.0,1611.2955,-171196.0543,49025.7157,0.95189,0.412895,0.439461,0.979567,0.010877,-1488.2714,112.5902,1600.8616,"{temporal=-732.53, legal=-558.55, liquidity=-201.76, social=-117.99, causal=+62.91, existence=+20.36, attention=+6.95, potential=+1.14}"
agent_d744c45d0c,Union Research 180,Galenheim,GAL,research,706.74,1319.4889,13280.3857,3105.2358,2241.2369,76123.1498,175.2594,0.47467,0.458079,0.99,0.499279,0.041509,427.0228,427.6886,0.6657,"{causal=+154.73, legal=+65.56, temporal=+60.09, social=+38.38, attention=+34.91, existence=+19.71, potential=+3.05, ecological=+2.12, ...}"
agent_fdbda7b77e,Omni Academy 181,Lumerterra,LUM,education,688.97,952.9109,22774.8321,11504.0798,4071.7968,623353.5858,545.7542,1.293213,1.009483,0.99,0.288724,0.009764,473.7628,475.0463,1.2834,"{causal=+143.60, temporal=+55.47, legal=+50.09, epistemic=+45.55, social=+39.63, attention=+32.63, potential=+30.11, existence=+17.70, ...}"
agent_1fd82688d9,Quantum Entertainment 182,Lumerterra,LUM,entertainment,1180.39,922.3842,89264.0756,2461.1692,3334.4793,-669.1304,6458.3112,0.959698,0.636179,0.99,0.606019,0.040818,808.5717,811.1976,2.6259,"{causal=+312.76, legal=+128.51, temporal=+110.25, social=+76.76, attention=+61.05, existence=+20.69, memory=+7.44, liquidity=-2.63, ...}"
agent_aa6970288a,Helix Mobility 183,Galenheim,GAL,mobility,281.46,2016.5957,14835.0671,586.5997,1603.0932,16524.838,244.0442,1.076497,0.905059,0.99,0.543404,0.016359,224.962,226.2377,1.2757,"{causal=+80.54, legal=+34.40, temporal=+26.57, existence=+20.18, social=+19.52, attention=+14.51, potential=+2.50, liquidity=-1.28, ...}"
agent_dcdecd30fe,Iron Mutual 184,Istrpolis,IST,insurance,115.71,1721.6249,2130.0174,0.0,384.1024,130661.5065,103.7134,1.413826,0.440449,0.772977,0.206207,0.055253,87.582,87.729,0.147,"{causal=+27.84, existence=+15.17, legal=+11.66, temporal=+8.41, social=+6.51, attention=+5.10, risk_reduction=+1.58, potential=+1.22, ...}"
agent_b42c64fe1e,Cobalt Habitat 185,Jorvikmark,JOR,housing,538.88,2380.371,12683.9811,14350.8403,1508.3377,415730.8009,584.6548,0.969753,0.735254,0.983562,0.226724,0.031966,339.3943,342.8466,3.4523,"{causal=+116.09, legal=+55.55, temporal=+45.56, social=+32.30, attention=+26.06, existence=+21.78, infrastructure=+3.53, liquidity=-3.45, ...}"
agent_3abf65c537,Cobalt Biomed 186,Eldorland,ELD,health,215.45,403.8323,10316.9644,3126.1112,786.0507,120366.738,364.9647,1.205843,0.925159,0.855138,0.42275,0.030349,214.6818,215.8567,1.1749,"{causal=+65.68, legal=+25.70, temporal=+19.89, existence=+16.45, social=+15.23, health=+14.29, attention=+11.05, epistemic=+6.89, ...}"
agent_835604b657,Green Transit 187,Lumerterra,LUM,mobility,337.88,3247.6611,9617.8677,618.2992,427.5146,289310.3368,314.4542,0.983272,0.765965,0.99,0.48995,0.02011,195.1287,195.9784,0.8497,"{causal=+67.80, legal=+28.61, temporal=+26.03, social=+16.92, existence=+16.76, attention=+15.72, potential=+2.12, liquidity=-0.85, ...}"
agent_13f0d4e5ac,Meridian Biomed 188,Borealgrad,BOR,health,690.66,945.9254,60812.6573,0.0,3414.9369,-66098.5246,36501.2809,0.939874,0.685659,0.874497,0.497275,0.031671,442.2471,481.1197,38.8727,"{causal=+218.29, temporal=+52.80, liquidity=-38.87, attention=+36.95, social=+35.20, legal=+25.30, existence=+21.20, health=+12.93, ...}"
agent_7d643733aa,Vector Assure 189,Borealgrad,BOR,insurance,223.53,875.8582,2467.9267,4084.6522,867.9558,356221.3704,518.4129,0.951046,0.865822,0.99,0.171156,0.016426,159.9821,159.9821,0.0,"{causal=+41.94, legal=+27.30, temporal=+18.03, existence=+15.82, risk_reduction=+13.07, social=+11.04, attention=+10.65, liquidity=+3.91, ...}"
agent_52575c5a06,Atlas Logistics 190,Cyrenesia,CYR,logistics,34.29,1363.7309,2569.1925,0.0,2486.5481,-167567.0106,83295.9189,0.84994,0.640872,0.40538,0.802618,0.037566,-703.5427,50.7629,754.3056,"{temporal=-374.45, legal=-249.40, liquidity=-87.25, social=-54.99, causal=+22.41, existence=+16.01, attention=+2.11, potential=+1.77}"
agent_5153f42b87,Blue Health 191,Istrpolis,IST,health,50.46,3239.1709,477.6119,0.0,221.4351,168231.4959,173.1385,0.837675,0.790483,0.748522,0.518431,0.026096,67.57,68.5857,1.0157,"{causal=+17.60, existence=+14.70, legal=+7.50, social=+4.81, temporal=+4.68, health=+3.36, attention=+2.65, potential=+2.52, ...}"
agent_7a22ed1e9c,Kinetic AI 192,Galenheim,GAL,software,308.34,784.2254,10158.8372,4743.6701,582.2386,168603.864,440.4815,1.480567,0.606619,0.902231,0.236088,0.074796,182.7437,185.7709,3.0272,"{causal=+67.87, legal=+23.98, temporal=+22.32, existence=+16.16, social=+14.99, attention=+13.48, potential=+3.59, liquidity=-3.03, ...}"
agent_23ee440d37,Meridian Energy 193,Kaelreich,KAE,energy,300.78,2349.5962,5982.2394,0.0,824.0316,297140.9804,80.9347,0.673847,0.491246,0.645526,0.329857,0.05833,199.3576,202.9151,3.5574,"{causal=+71.36, legal=+29.18, temporal=+24.91, existence=+19.67, social=+16.67, attention=+14.30, infrastructure=+1.95, liquidity=-1.39, ...}"
agent_f2b49d3d46,Green Shield 194,Kaelreich,KAE,security,266.73,2974.3522,4704.7631,832.7366,792.5989,78300.0511,287.0915,0.879643,0.793519,0.940651,0.313014,0.026614,180.1301,182.2407,2.1106,"{causal=+63.51, legal=+25.58, temporal=+22.48, social=+16.14, existence=+15.64, attention=+13.24, potential=+2.19, liquidity=-2.11, ...}"
agent_4daddc1536,Sol Biomed 195,Jorvikmark,JOR,health,56.91,2505.0236,876.1707,4255.7018,165.623,154337.6862,60.6535,0.845069,0.496721,0.812809,0.613325,0.017544,70.0992,70.1853,0.0861,"{causal=+18.71, existence=+15.65, legal=+9.10, social=+5.49, temporal=+5.19, attention=+2.93, health=+1.98, potential=+1.57, ...}"
agent_72cf87959d,Helix Agro 196,Galenheim,GAL,agriculture,63.97,701.6893,8054.4775,0.0,303.6991,-42721.3593,7926.3347,1.136991,0.989126,0.856961,0.626346,0.027347,-25.5004,98.5375,124.038,"{legal=-58.30, causal=+43.61, liquidity=-34.73, temporal=-22.76, existence=+18.85, epistemic=+5.73, potential=+5.69, attention=+3.94, ...}"
agent_9533e134a3,Civitas Attention 197,Eldorland,ELD,media,343.1,330.9695,17533.1349,0.0,1340.145,-34701.0557,23914.0572,0.871589,0.442783,0.708113,0.338379,0.072063,70.2782,183.6088,113.3306,"{causal=+108.57, legal=-59.09, liquidity=-41.89, attention=+18.76, existence=+17.65, social=+3.40, potential=+1.22, temporal=-0.63, ...}"
agent_38c74eeab0,Terra Grid 198,Damaria,DAM,energy,282.48,1064.4382,7169.4153,3000.3153,1684.814,257173.2541,163.2089,0.858397,0.356318,0.795167,0.539135,0.021876,204.404,207.0318,2.6278,"{causal=+72.57, legal=+29.90, temporal=+24.37, existence=+19.23, social=+17.38, attention=+13.95, infrastructure=+3.68, ecological=-2.22, ...}"
agent_d9acf5c0df,Signal Seed 199,Eldorland,ELD,agriculture,51.83,277.9744,6700.2202,0.0,371.1758,-45566.7737,9884.7369,1.226811,0.800773,0.379054,1.0,0.01454,-324.4641,67.3519,391.816,"{temporal=-156.81, legal=-148.84, liquidity=-60.74, causal=+33.48, social=-21.32, existence=+16.34, attention=+3.19, potential=+2.21}"
agent_923f10c3aa,Omni Harvest 200,Faronreich,FAR,food,234.89,820.9494,2411.1219,19219.8581,265.7624,639546.0383,426.6434,1.012509,0.85226,0.99,0.42975,0.008944,204.6232,206.1786,1.5554,"{causal=+51.66, existence=+28.88, health=+23.75, legal=+21.71, temporal=+19.71, social=+13.36, attention=+10.87, risk_reduction=+7.88, ...}"
agent_6fa974df01,Vertex Transit 201,Borealgrad,BOR,mobility,121.58,2610.1886,4703.3357,0.0,775.3601,255975.11,22.0543,1.101554,0.796798,0.99,0.327533,0.052553,106.3768,106.3834,0.0066,"{causal=+33.07, existence=+18.15, legal=+15.07, temporal=+10.04, social=+8.42, attention=+5.70, potential=+2.20, infrastructure=+0.91, ...}"
agent_2e102a2947,Blue Health 202,Faronreich,FAR,health,238.2,3354.7323,16706.4662,831.4694,1026.1694,83556.7656,85.2351,1.257789,0.533596,0.911887,0.509647,0.007321,209.9225,210.5473,0.6247,"{causal=+73.19, legal=+31.77, temporal=+22.57, existence=+18.46, social=+18.09, attention=+11.98, health=+3.87, potential=+1.83, ...}"
agent_8fc6234c46,Green Luxury 203,Damaria,DAM,luxury,133.36,2569.101,476.0579,5621.2204,599.0782,438315.1869,297.4763,0.741419,0.344252,0.786221,0.249956,0.064047,79.7754,80.251,0.4756,"{causal=+23.82, existence=+14.98, legal=+10.28, temporal=+8.90, social=+7.29, attention=+5.69, potential=+0.95, liquidity=-0.48, ...}"
agent_ca2a7cd745,Argent Ore 204,Galenheim,GAL,mining,63.04,792.1143,6498.3834,0.0,608.0605,-91297.3377,14953.5694,0.880234,0.601639,0.663167,0.796049,0.056097,-319.7816,75.0726,394.8543,"{temporal=-173.26, legal=-143.08, liquidity=-57.79, causal=+37.20, social=-20.10, existence=+19.10, attention=+3.89, potential=+1.66}"
agent_25c575b3c9,Cobalt Motors 205,Eldorland,ELD,mobility,289.33,1161.0696,16530.5144,1082.1498,1776.5916,-91973.8871,17252.3905,0.750028,0.923593,0.745099,0.939522,0.014037,-260.9494,166.5882,427.5375,"{legal=-192.80, temporal=-108.39, causal=+96.29, liquidity=-88.70, existence=+20.15, social=-17.05, attention=+15.85, potential=+2.55, ...}"
agent_af382372ca,Terra AI 206,Jorvikmark,JOR,software,226.68,1192.9689,7679.73,556.1933,654.7815,101001.3856,154.7084,1.508413,0.754855,0.860827,0.626637,0.027906,172.0685,172.8458,0.7773,"{causal=+62.61, legal=+23.12, temporal=+19.67, existence=+15.97, social=+13.81, attention=+11.28, potential=+3.91, epistemic=+1.45, ...}"
agent_6fd609b0b3,Cobalt Nutrition 207,Damaria,DAM,food,45.78,528.5506,50.4936,0.0,96.6076,90620.7225,295.2302,0.727552,0.483276,0.797146,0.496892,0.020907,60.7352,61.3237,0.5885,"{existence=+16.25, causal=+15.10, legal=+7.44, social=+4.69, temporal=+4.20, attention=+2.32, health=+2.26, potential=+1.34, ...}"
agent_8a16bf452c,Cobalt Labs 208,Borealgrad,BOR,research,1015.65,2031.8837,25698.7472,814.0431,2147.624,423262.0774,563.1138,0.756742,0.607391,0.99,0.189094,0.055635,498.7808,500.9042,2.1234,"{causal=+177.48, temporal=+78.87, legal=+70.62, attention=+49.32, social=+43.89, existence=+18.74, potential=+5.22, epistemic=+3.38, ...}"
agent_5c8a6c9c8f,Green Harvest 209,Kaelreich,KAE,food,203.84,752.6469,808.8172,0.0,606.1236,289299.8641,21.9925,0.653644,0.543855,0.583459,0.58412,0.020598,157.2384,158.3758,1.1374,"{causal=+48.49, legal=+21.28, existence=+20.26, temporal=+17.57, social=+12.42, attention=+9.90, health=+6.50, risk_reduction=+2.20, ...}"
agent_e0207a521f,Meridian Atelier 210,Kaelreich,KAE,luxury,356.32,10524.5739,2634.9749,326.8778,762.2081,241193.3338,90.8831,0.426732,0.699206,0.99,0.393571,0.053786,177.3241,177.5838,0.2597,"{causal=+58.29, legal=+25.95, temporal=+25.21, existence=+16.80, social=+16.20, attention=+16.18, potential=+1.93, liquidity=-0.26, ...}"
agent_1e3dd3bda5,Omni Nutrition 211,Kaelreich,KAE,food,76.02,1236.1959,247.1586,37694.6861,230.8875,195935.2216,15.3208,0.774654,0.380633,0.684415,0.53656,0.105848,76.8688,76.9288,0.06,"{causal=+22.14, existence=+15.39, legal=+10.08, temporal=+6.96, social=+6.03, attention=+3.86, health=+1.99, potential=+1.05, ...}"
agent_4d3304882a,Meridian Law 212,Faronreich,FAR,legal,672.61,3004.8666,19967.2698,1613.0431,1569.7919,100948.0553,420.8712,0.745414,0.44145,0.87082,0.339841,0.031505,384.5578,385.5328,0.9749,"{causal=+140.03, legal=+61.95, temporal=+53.79, social=+35.00, attention=+31.93, existence=+18.64, potential=+1.22, liquidity=-0.97, ...}"
agent_e9475c5b7e,Cobalt Law 213,Faronreich,FAR,legal,151.21,4143.2606,2379.2393,5648.257,220.9187,168251.5407,121.0375,0.73597,0.440759,0.849308,0.466282,0.012592,97.7866,98.3373,0.5507,"{causal=+30.08, existence=+15.38, legal=+14.86, temporal=+10.83, social=+8.47, attention=+6.65, potential=+1.22, liquidity=-0.55, ...}"
agent_60e65680a3,Pioneer Security 214,Helioia,HEL,security,278.67,4015.1689,8178.8796,352.521,1322.7773,57679.4879,4438.2814,0.752378,0.599097,0.735048,0.620043,0.05567,153.0594,172.244,19.1846,"{causal=+68.44, temporal=+22.64, existence=+19.25, liquidity=-19.17, social=+14.41, attention=+13.43, legal=+11.78, potential=+1.66, ...}"
agent_c3a39b6766,Terra Law 215,Galenheim,GAL,legal,561.28,1336.2858,21542.3544,1649.24,1424.8809,-42628.361,25787.2252,0.635533,0.367353,0.805716,0.329996,0.024381,298.9289,339.5286,40.5997,"{causal=+165.27, liquidity=-40.60, temporal=+39.25, attention=+28.92, social=+26.12, existence=+19.51, legal=+14.12, potential=+1.01, ...}"
agent_169165b174,Vertex Atelier 216,Helioia,HEL,luxury,179.58,5450.3366,992.8116,2952.7544,784.6127,420373.8569,693.2714,0.566936,0.670702,0.99,0.20611,0.067477,90.2051,91.8869,1.6818,"{causal=+26.74, existence=+15.74, legal=+11.46, temporal=+11.07, social=+8.65, attention=+7.38, potential=+1.85, liquidity=-1.68, ...}"
agent_ea21cf8e58,Nova Security 217,Faronreich,FAR,security,435.82,1745.2915,9851.3747,1437.7872,1986.258,96353.5099,348.8463,0.679961,0.918684,0.99,0.548109,0.041477,280.5968,282.6331,2.0364,"{causal=+96.28, legal=+39.66, temporal=+35.88, social=+25.81, attention=+21.10, existence=+18.32, security=+6.11, risk_reduction=+5.10, ...}"
agent_dc3fc8f276,Pioneer Culture 218,Eldorland,ELD,entertainment,471.21,189.3326,49382.6766,1411.9344,9480.8977,-928485.0256,242609.9236,0.99931,0.760055,0.727367,1.0,0.046568,-13422.9025,337.0607,13759.9632,"{temporal=-7044.89, legal=-4422.40, liquidity=-1461.84, social=-1114.54, causal=+214.86, attention=+28.60, existence=+18.96, memory=+6.05, ...}"
agent_92fc052dac,Vertex Foods 219,Jorvikmark,JOR,food,37.17,807.7088,126.3775,0.0,137.3533,104485.2767,187.6559,1.214692,0.444597,0.679261,0.459687,0.006059,52.9365,53.8221,0.8857,"{existence=+15.60, causal=+14.75, legal=+5.22, social=+3.49, temporal=+3.05, attention=+1.77, health=+1.59, potential=+1.23, ...}"
agent_1d5f8a57d0,Argent Fields 220,Galenheim,GAL,agriculture,12.32,730.3811,859.742,0.0,127.5641,-13025.2892,3759.4665,0.638004,0.778355,0.733801,0.791051,0.021788,-4.7826,34.3489,39.1314,"{existence=+16.00, temporal=-15.26, legal=-12.98, liquidity=-10.59, causal=+9.94, potential=+2.15, social=+1.02, attention=+0.76}"
agent_8cca8673a4,Nova Build 221,Borealgrad,BOR,construction,228.03,2055.2741,12823.4081,0.0,1232.8743,199192.3765,423.336,0.878365,0.919194,0.99,0.373547,0.022807,204.3472,205.7113,1.3641,"{causal=+66.93, legal=+29.08, existence=+24.61, temporal=+22.03, social=+16.48, attention=+11.99, infrastructure=+7.30, potential=+2.54, ...}"
agent_b59d77e457,Blue Insurance 222,Helioia,HEL,insurance,63.26,1690.979,131.5348,1360.7453,202.9412,133175.6071,479.3271,0.646184,0.512596,0.731349,0.238179,0.038169,58.0952,58.0952,0.0,"{causal=+15.76, existence=+12.91, legal=+7.72, temporal=+5.09, social=+4.53, attention=+3.04, potential=+1.42, risk_reduction=+1.34, ...}"
agent_1a5c0e94cd,Green Habitat 223,Cyrenesia,CYR,housing,226.72,5902.3554,1720.5055,0.0,571.6819,1409483.4097,467.7844,0.588179,0.586499,0.784023,0.216551,0.039282,145.0507,145.7759,0.7252,"{causal=+43.38, legal=+23.05, existence=+17.90, temporal=+17.77, social=+13.40, attention=+10.60, infrastructure=+1.75, potential=+1.62, ...}"
agent_ff728a2e6c,Iron Power 224,Lumerterra,LUM,energy,1835.59,781.8356,103880.1498,1501.2054,3034.3435,699683.2707,868.7286,1.29287,0.836978,0.99,0.301869,0.010276,947.3425,976.7553,29.4128,"{causal=+361.06, temporal=+141.74, legal=+130.18, attention=+86.97, social=+78.78, infrastructure=+36.93, ecological=-23.19, existence=+20.58, ...}"
agent_b7125dcfd4,Terra Energy 225,Eldorland,ELD,energy,693.1,220.6534,27706.1158,1292.27,2297.0511,509186.0869,505.04,1.66358,0.803871,0.99,0.180748,0.040898,413.2663,438.9494,25.6831,"{causal=+156.87, temporal=+52.14, legal=+46.03, infrastructure=+35.94, attention=+33.29, social=+29.23, ecological=-22.00, existence=+19.29, ...}"
agent_0739e430a2,Iron Harvest 226,Eldorland,ELD,food,1125.61,174.6081,30412.1278,46.9351,3163.1476,509205.5443,758.3428,1.060554,0.896916,0.792998,0.502032,0.027601,721.6972,725.3002,3.603,"{causal=+210.98, temporal=+94.21, legal=+82.43, health=+68.81, attention=+56.22, existence=+53.37, social=+51.11, risk_reduction=+21.92, ...}"
agent_af70d89532,Signal Logistics 227,Eldorland,ELD,logistics,70.87,441.4872,7760.3515,0.0,911.8817,-98106.0054,26160.8311,0.77201,0.792527,0.556614,0.82475,0.064223,-1468.5969,80.6143,1549.2112,"{temporal=-790.65, legal=-500.78, liquidity=-177.98, social=-109.16, causal=+40.56, existence=+19.11, attention=+4.37, potential=+2.19}"
agent_635c68c006,Prism AI 228,Eldorland,ELD,software,307.65,500.107,34323.3623,0.0,4944.0505,-250739.3109,116051.2358,1.361715,0.74672,0.692263,0.558139,0.047257,-2102.8291,204.1874,2307.0165,"{temporal=-892.51, legal=-886.80, liquidity=-285.86, social=-220.39, causal=+120.30, existence=+19.49, attention=+18.09, potential=+4.69, ...}"
agent_2b6627ec33,Omni Mobility 229,Borealgrad,BOR,mobility,169.68,3614.2394,4403.4846,6073.4137,782.5183,244418.6837,130.7839,0.711215,0.629904,0.99,0.394742,0.024674,124.6176,124.9607,0.3431,"{causal=+40.05, legal=+18.29, existence=+17.90, temporal=+13.91, social=+10.62, attention=+8.03, potential=+1.74, infrastructure=+0.51, ...}"
agent_13e8d98e66,Green Broadcast 230,Galenheim,GAL,media,247.92,551.6163,10393.4857,0.0,3690.6598,-314389.6835,81209.8247,0.69791,0.820626,0.764067,0.852031,0.030364,-2258.3496,167.5667,2425.9163,"{temporal=-1088.29, legal=-863.33, liquidity=-307.18, social=-175.21, causal=+99.04, existence=+17.51, attention=+14.85, potential=+2.27, ...}"
agent_e06ef038bb,Saffron Build 231,Borealgrad,BOR,construction,94.19,2914.4166,3277.0613,0.0,493.189,259934.9803,236.2388,0.87981,0.969714,0.99,0.580961,0.030582,109.3241,109.989,0.6648,"{causal=+31.22, existence=+20.02, legal=+14.83, temporal=+9.02, social=+8.45, infrastructure=+5.38, attention=+4.88, potential=+2.68, ...}"
agent_141cf4500c,Pioneer Routes 232,Lumerterra,LUM,logistics,149.97,784.7348,41981.2027,0.0,3693.3822,-345559.866,110409.7385,1.380811,0.588845,0.691516,0.8407,0.010856,-2504.1106,144.7196,2648.8302,"{temporal=-1249.10, legal=-904.93, liquidity=-315.52, social=-206.29, causal=+84.43, existence=+21.17, attention=+9.25, potential=+1.63}"
agent_0154c56a0b,Quantum Legal 233,Borealgrad,BOR,legal,316.79,1134.5756,4369.8162,673.2358,898.8379,206367.6605,128.3815,0.679129,0.948627,0.99,0.494984,0.016435,210.6646,211.0111,0.3465,"{causal=+63.26, legal=+42.02, temporal=+25.40, social=+19.36, attention=+15.19, existence=+14.78, epistemic=+3.80, potential=+2.62, ...}"
agent_e495a0d49c,Iron Ledger 234,Helioia,HEL,finance,54.61,1224.7086,361.5927,0.0,337.106,179485.3993,157.3032,1.287849,0.363411,0.724672,0.629162,0.029002,63.2279,63.2279,0.0,"{causal=+18.03, existence=+14.82, legal=+8.09, social=+4.84, temporal=+4.54, attention=+2.60, liquidity=+2.33, potential=+1.00}"
agent_c99c5f3e0a,Quantum Ledger 235,Borealgrad,BOR,finance,120.71,1275.0242,3933.5487,586.7378,697.7001,242836.5793,418.9575,1.539714,0.672819,0.99,0.26764,0.051569,113.8301,113.8301,0.0,"{causal=+34.78, legal=+16.81, existence=+14.32, temporal=+11.15, social=+9.94, liquidity=+6.51, attention=+6.30, potential=+1.86}"
agent_9c12c88fb1,Omni Routes 236,Galenheim,GAL,logistics,66.9,633.4448,7913.7308,0.0,1637.3683,-102505.6733,51278.5341,0.967153,0.681963,0.712262,0.809409,0.015648,-158.1697,79.2744,237.444,"{legal=-100.72, temporal=-67.22, liquidity=-45.29, causal=+39.67, existence=+19.50, social=-15.73, attention=+4.13, potential=+1.88}"
agent_fba0a47f42,Astra Research 237,Eldorland,ELD,research,106.54,535.2487,216.1993,54.9345,529.0389,105039.7188,210.3594,0.685348,0.562658,0.943093,0.451174,0.088253,66.9202,67.8736,0.9534,"{causal=+18.09, existence=+12.91, legal=+7.25, temporal=+6.72, social=+5.02, attention=+4.65, potential=+3.25, epistemic=+1.27, ...}"
agent_c0078e801b,Saffron Ore 238,Lumerterra,LUM,mining,13.36,934.5989,1283.7976,0.0,780.5925,-64374.082,24495.1925,0.774562,0.571817,0.7202,0.766976,0.042602,-475.5346,34.6905,510.225,"{temporal=-275.07, legal=-159.53, liquidity=-56.77, social=-31.34, existence=+16.07, causal=+11.30, potential=+1.58, attention=+0.82}"
agent_21dafb5c6e,Signal Attention 239,Jorvikmark,JOR,media,627.87,812.9375,62692.7264,319.3259,6358.5452,-298781.6268,193067.7674,1.392396,0.408199,0.448948,0.578461,0.115309,-820.3215,389.9216,1210.2431,"{legal=-557.96, temporal=-263.24, causal=+252.55, liquidity=-250.23, social=-74.12, attention=+37.13, existence=+19.78, potential=+1.13, ...}"
agent_7a05f9ae56,Civitas Build 240,Helioia,HEL,construction,156.36,4358.8262,2265.9483,0.0,174.806,508424.7327,486.6675,0.749217,0.790324,0.958654,0.451597,0.016829,123.3085,124.3732,1.0647,"{causal=+37.58, existence=+19.43, legal=+16.63, temporal=+12.75, social=+9.86, attention=+7.33, infrastructure=+4.38, potential=+2.18, ...}"
