id,name,class,home_currency,fiat,debt,truth_score,truth_debt,tags
country_c541770e67,Kairounion,Country,KAI0,2600102605.3954744,28586.036002514295,1153.4940665271643,80.38769090908129,country
country_082cd27acf,Borealreich,Country,BOR1,3273749644.7117934,0,1062.656690801134,2.2353353976403794,country
country_0218dd6b93,Umbramark,Country,UMB2,6857937534.319354,117407.7198221928,1272.1722016584222,1.4999525861878513,country
country_292fc177ca,Junokron,Country,JUN3,3054454128.265535,0,1179.4640636650574,1.0996006196975106,country
country_02d9232814,Tethysstaat,Country,TET4,1835844923.696778,188575.57591694154,993.8857129327879,61.58243802400281,country
country_54180845bd,Zenitunion,Country,ZEN5,3035176274.4355574,0,1157.4540063103452,2.072889752650693,country
country_cc2e6eaceb,Civitasreich,Country,CIV6,23216629787.87347,0,1105.6294741940808,0.0819894819466384,country
country_5447ea317f,Rheamark,Country,RHE7,1744008708.558532,0,1001.6265923434012,2.1726256427473096,country
country_cb83ab4d80,Ioniabund,Country,ION8,1358261883.7496831,0,1244.2921483500916,0.0668944064105797,country
country_3fe602c991,Ferromark,Country,FER9,459802495.28414166,40342.00390174061,1129.0792535471253,53.152132139181006,country
country_911b752ce0,Praxareich,Country,PRA0,10776651178.2245,0,1218.9050231834694,0.019315099528322985,country
country_2483b74997,Mirastaat,Country,MIR1,2013599751.4649081,158140.03846520607,1012.5581490156333,90.27229961966185,country
country_ce3db49786,Wegakron,Country,WEG2,1707115547.3114016,0,1036.996423880324,1.0732118737947416,country
country_4d03dce5bf,Miraland,Country,MIR3,1568836528.9498909,0,1206.2810575776666,0.7221826081450347,country
country_10a3f64280,Elioskron,Country,ELI4,1629111393.9946215,11051.08314732783,1073.5287586887407,22.4476468521333,country
country_8bb22e6081,Dorianbund,Country,DOR5,3884478032.955757,0,1163.8797895278246,1.3064885867073472,country
country_2da7337fc9,Gaiakron,Country,GAI6,903245358.2351625,0,1032.7542392855476,0.6482533361172887,country
country_ad2f41efb5,Wegarepublik,Country,WEG7,1034900811.8702979,0,1144.0868631388823,0.6358248507250159,country
unitednations_3872e31366,United Nations / Planetary Truth Council,UnitedNations,WK,0,0,144.61459709676245,1.7201611246908275,un
centralbank_4324fb99d9,Central Bank of Kairounion,CentralBank,KAI0,1853866992.274697,0,66.38197594757808,3.3591693148559174,central_bank;financial
investmentbank_72f081f2a6,Union Bank Kairounion-1,InvestmentBank,KAI0,338251387.03982854,0,40.24329905041537,2.557879431871989,commercial_bank;financial
commercialbank_2695848fff,Union Bank Kairounion-2,CommercialBank,KAI0,146275419.10192412,0,30.393761924662954,1.8175142349939366,commercial_bank;financial
developmentbank_eb7e48f8a0,Vector Bank Kairounion-3,DevelopmentBank,KAI0,652399256.6714882,0,38.772504025903864,3.1346539253302477,commercial_bank;financial
centralbank_fa6909e866,Central Bank of Borealreich,CentralBank,BOR1,2285337320.172955,0,65.26028455756109,5.04185393252962,central_bank;financial
commercialbank_e23191b16c,Trust Bank Borealreich-1,CommercialBank,BOR1,186107909.20497,0,31.733173423568587,3.588609612510897,commercial_bank;financial
investmentbank_29c4348146,Meridian Bank Borealreich-2,InvestmentBank,BOR1,651335795.6123979,0,39.03409982037891,2.751136055836481,commercial_bank;financial
developmentbank_53f4bf7c96,Nova Bank Borealreich-3,DevelopmentBank,BOR1,299273677.5174592,0,34.91617379582746,3.532361290885617,commercial_bank;financial
centralbank_c2745dd23e,Central Bank of Umbramark,CentralBank,UMB2,4663207869.464751,0,54.94058142346836,3.9025139603162073,central_bank;financial
investmentbank_2611f2fb8b,Trust Bank Umbramark-1,InvestmentBank,UMB2,932532026.7334833,0,38.446034660785756,4.669906878394358,commercial_bank;financial
developmentbank_ee8b788ece,Union Bank Umbramark-2,DevelopmentBank,UMB2,983517222.5093995,0,49.289800367614134,4.355834265332109,commercial_bank;financial
developmentbank_79f6c763ad,Civic Bank Umbramark-3,DevelopmentBank,UMB2,227027485.70314896,0,34.941006470180064,6.407235244154707,commercial_bank;financial
centralbank_d807d8cbfb,Central Bank of Junokron,CentralBank,JUN3,1083547235.726117,0,68.5711012313122,3.8743184622496423,central_bank;financial
commercialbank_2148c74382,Atlas Bank Junokron-1,CommercialBank,JUN3,178617176.61817172,0,42.518748663666514,3.5861961045692534,commercial_bank;financial
developmentbank_9e8a4e548b,Atlas Bank Junokron-2,DevelopmentBank,JUN3,188428099.41981354,0,49.11491360348613,1.6234972655881403,commercial_bank;financial
investmentbank_d10cde4173,Union Bank Junokron-3,InvestmentBank,JUN3,37413645.559466936,0,32.13650317957551,2.731389957308172,commercial_bank;financial
centralbank_a35905fd11,Central Bank of Tethysstaat,CentralBank,TET4,773913025.8148187,0,52.66204092203729,4.359319377395789,central_bank;financial
investmentbank_eb82f43e1d,Civic Bank Tethysstaat-1,InvestmentBank,TET4,222587766.66726038,0,21.87281535330334,3.5133812498605974,commercial_bank;financial
commercialbank_748de00c58,Union Bank Tethysstaat-2,CommercialBank,TET4,65818247.698839016,0,41.060495275080775,4.012857731379369,commercial_bank;financial
developmentbank_4679bc9b45,Union Bank Tethysstaat-3,DevelopmentBank,TET4,214537038.89463997,0,33.66918164844086,5.176144149664559,commercial_bank;financial
centralbank_1e83384d81,Central Bank of Zenitunion,CentralBank,ZEN5,1257607047.773416,235679.3072099938,-43.7742947877294,82.6653628067655,central_bank;financial
commercialbank_15fb29822c,Nova Bank Zenitunion-1,CommercialBank,ZEN5,492372598.80423015,0,46.78321297206753,4.346977723880809,commercial_bank;financial
developmentbank_a77f857406,Union Bank Zenitunion-2,DevelopmentBank,ZEN5,661647165.6459997,0,49.48305669907747,3.3883623812590282,commercial_bank;financial
commercialbank_540629f2b0,Union Bank Zenitunion-3,CommercialBank,ZEN5,759933228.9805422,60616.70711665902,-81.79839425189935,114.10045476831888,commercial_bank;financial
centralbank_e388ba0efd,Central Bank of Civitasreich,CentralBank,CIV6,3693771531.3201246,0,61.105452805924635,3.4296647670221923,central_bank;financial
investmentbank_7ea4452899,Nova Bank Civitasreich-1,InvestmentBank,CIV6,920393678.1560624,0,38.910044748658564,4.783285613199862,commercial_bank;financial
investmentbank_27b4ee3bf6,Meridian Bank Civitasreich-2,InvestmentBank,CIV6,1699828240.616609,0,27.42215862463832,4.930609195380774,commercial_bank;financial
commercialbank_9bb02d121b,Atlas Bank Civitasreich-3,CommercialBank,CIV6,179065967.70229962,0,36.75973903069713,4.070816459174806,commercial_bank;financial
centralbank_6a2ebfc7b0,Central Bank of Rheamark,CentralBank,RHE7,867666107.0663316,0,48.703988021584784,3.093637551789012,central_bank;financial
investmentbank_52b18fcdda,Nova Bank Rheamark-1,InvestmentBank,RHE7,473990821.8407885,0,44.53713978444793,1.252702613544543,commercial_bank;financial
commercialbank_5a0690d9a0,Trust Bank Rheamark-2,CommercialBank,RHE7,451601229.87649316,0,33.202414446405996,4.239576166717772,commercial_bank;financial
developmentbank_3b6e18ef78,Vector Bank Rheamark-3,DevelopmentBank,RHE7,569166529.6829872,77299.37944563407,-84.95571252107905,112.55461539115396,commercial_bank;financial
centralbank_002429087b,Central Bank of Ioniabund,CentralBank,ION8,933476811.7879821,0,51.99507582919297,3.0047545075546562,central_bank;financial
commercialbank_fe58669e91,Trust Bank Ioniabund-1,CommercialBank,ION8,150039590.67960355,0,31.325409888405755,1.9066086878558965,commercial_bank;financial
commercialbank_0a0a2851b8,Meridian Bank Ioniabund-2,CommercialBank,ION8,214717421.95151728,0,28.115086809732322,4.476664280075545,commercial_bank;financial
investmentbank_d9d3f641b5,Vector Bank Ioniabund-3,InvestmentBank,ION8,44851209.72613867,0,33.992125736464104,2.661797761798631,commercial_bank;financial
centralbank_8668ba3859,Central Bank of Ferromark,CentralBank,FER9,388916837.8610546,0,56.854648698712545,3.2400829587495776,central_bank;financial
investmentbank_8bc4a3902a,Atlas Bank Ferromark-1,InvestmentBank,FER9,88687334.02399983,0,38.22343029362474,5.1635471134625295,commercial_bank;financial
commercialbank_f763b3015a,Union Bank Ferromark-2,CommercialBank,FER9,158448919.12700397,0,39.86452110998017,3.824635838921961,commercial_bank;financial
commercialbank_028b7c4939,Civic Bank Ferromark-3,CommercialBank,FER9,21321304.943932716,0,45.60414404843857,2.7028782128581077,commercial_bank;financial
centralbank_17c4c4fd93,Central Bank of Praxareich,CentralBank,PRA0,2058120655.056623,0,51.27991521569648,2.509430337416565,central_bank;financial
investmentbank_9a8291e258,Atlas Bank Praxareich-1,InvestmentBank,PRA0,949980933.2224202,0,49.336616705459456,2.6112151169573505,commercial_bank;financial
developmentbank_ae6bed1fc2,Civic Bank Praxareich-2,DevelopmentBank,PRA0,785002971.1967062,0,36.65031555141314,2.7111300905673943,commercial_bank;financial
commercialbank_ff13b7677c,Meridian Bank Praxareich-3,CommercialBank,PRA0,869217818.3084263,0,39.189285768388324,4.828383265622297,commercial_bank;financial
centralbank_70f179109d,Central Bank of Mirastaat,CentralBank,MIR1,919196296.7174696,0,33.67949237779105,4.133093527297421,central_bank;financial
developmentbank_aa3a420712,Nova Bank Mirastaat-1,DevelopmentBank,MIR1,144418880.09557953,0,46.21778999091689,4.062297875442479,commercial_bank;financial
investmentbank_553fc34ee3,Nova Bank Mirastaat-2,InvestmentBank,MIR1,264650225.17163488,0,38.72650748822524,4.423918740934575,commercial_bank;financial
investmentbank_9f04bdc857,Atlas Bank Mirastaat-3,InvestmentBank,MIR1,275749504.72154427,0,36.97997544659342,3.684147610665237,commercial_bank;financial
centralbank_6776ba4b17,Central Bank of Wegakron,CentralBank,WEG2,2097690086.4041433,0,46.14824696012491,3.348340851735445,central_bank;financial
investmentbank_b8be0b6271,Trust Bank Wegakron-1,InvestmentBank,WEG2,83096023.78119291,0,21.63705014952116,6.329208713244623,commercial_bank;financial
developmentbank_b8164ee680,Union Bank Wegakron-2,DevelopmentBank,WEG2,161315154.44414517,0,27.55154649180305,2.6356005559455253,commercial_bank;financial
commercialbank_c79049fa86,Union Bank Wegakron-3,CommercialBank,WEG2,321988316.73207057,0,36.166873741635875,3.4916992064998853,commercial_bank;financial
centralbank_c438206821,Central Bank of Miraland,CentralBank,MIR3,407398371.8125327,0,59.37578772592736,1.2878073665908332,central_bank;financial
commercialbank_bf162a783a,Atlas Bank Miraland-1,CommercialBank,MIR3,81007562.02003203,0,35.43098146473548,1.9711290311137155,commercial_bank;financial
investmentbank_0b1ee11641,Meridian Bank Miraland-2,InvestmentBank,MIR3,77732936.78669424,0,27.260915376767645,4.074113932274359,commercial_bank;financial
developmentbank_a7c865a3ba,Vector Bank Miraland-3,DevelopmentBank,MIR3,109675689.83007258,0,33.39510097106385,3.099797722006138,commercial_bank;financial
centralbank_2cd6fe8e3a,Central Bank of Elioskron,CentralBank,ELI4,568836732.4310923,0,95.14660950963368,5.936294200153411,central_bank;financial
investmentbank_0276f23faa,Nova Bank Elioskron-1,InvestmentBank,ELI4,262530384.4400217,0,41.48608701011424,6.671649887132615,commercial_bank;financial
commercialbank_12479cc56d,Trust Bank Elioskron-2,CommercialBank,ELI4,42262003.07979856,0,39.48058041407944,5.253649863740361,commercial_bank;financial
commercialbank_5aab902b59,Civic Bank Elioskron-3,CommercialBank,ELI4,45339618.924181476,0,41.84004850978132,3.437748249851576,commercial_bank;financial
centralbank_1848564f76,Central Bank of Dorianbund,CentralBank,DOR5,3282464913.7885995,0,60.40236345830939,4.3539963646135105,central_bank;financial
commercialbank_d690b05133,Trust Bank Dorianbund-1,CommercialBank,DOR5,621437737.9900669,0,26.36947636093471,4.268306948882005,commercial_bank;financial
commercialbank_a65095b32e,Union Bank Dorianbund-2,CommercialBank,DOR5,1218639365.3829296,0,39.44988369202976,5.058409314533094,commercial_bank;financial
commercialbank_ab2411147c,Nova Bank Dorianbund-3,CommercialBank,DOR5,400924844.7324016,0,35.86343011169692,3.3106162533554757,commercial_bank;financial
centralbank_f5d4233603,Central Bank of Gaiakron,CentralBank,GAI6,353001395.8653163,0,53.38269575286083,5.247934035807465,central_bank;financial
investmentbank_9532f9441e,Trust Bank Gaiakron-1,InvestmentBank,GAI6,54245312.93324818,0,26.059071458368578,4.378289056767695,commercial_bank;financial
investmentbank_a306b4d9e9,Civic Bank Gaiakron-2,InvestmentBank,GAI6,34273540.165291175,0,41.63691701666959,2.764180290013787,commercial_bank;financial
investmentbank_50cb72bec9,Union Bank Gaiakron-3,InvestmentBank,GAI6,46481064.628068715,0,42.51531434209659,3.884507497587371,commercial_bank;financial
centralbank_fa66219513,Central Bank of Wegarepublik,CentralBank,WEG7,652928354.461364,0,53.32177221062104,4.157974553686826,central_bank;financial
commercialbank_9c4677d99b,Vector Bank Wegarepublik-1,CommercialBank,WEG7,134073110.66206968,0,44.75693063313683,3.542685794939205,commercial_bank;financial
developmentbank_efeaa9e82e,Trust Bank Wegarepublik-2,DevelopmentBank,WEG7,170850345.71636808,0,39.131353136008364,1.857445309003988,commercial_bank;financial
commercialbank_6c09e8989a,Union Bank Wegarepublik-3,CommercialBank,WEG7,57133458.89008282,0,38.5257191952003,5.228312220426343,commercial_bank;financial
mutualdefensepact_203cdbe942,Shield Compact 1,MutualDefensePact,WK,0,0,38.937068570331334,3.720082140166617,defense_org
maritimesecurityleague_ce8918a728,Harbor Compact 2,MaritimeSecurityLeague,WK,0,0,86.86484993488229,1.502724983273916,defense_org
cyberdefensecompact_8215c1d7db,Cipher Compact 3,CyberDefenseCompact,WK,0,0,111.24997254025122,2.4270555873120347,defense_org
mutualdefensepact_cc546a1b9f,Aegis Compact 4,MutualDefensePact,WK,0,0,88.67801912259871,5.147000458374684,defense_org
maritimesecurityleague_44d80dd798,Sentinel Compact 5,MaritimeSecurityLeague,WK,0,0,73.23650866147973,3.5612668999151964,defense_org
household_58f86cac26,Household Bloc Kairounion-1,Household,KAI0,8100856.706213658,0,34.12915358700765,1.4136800054135503,economic
household_cbbaa12dd7,Household Bloc Kairounion-2,Household,KAI0,11801297.64356041,0,32.72619632390292,3.3918057326771103,economic
household_844daf2235,Household Bloc Kairounion-3,Household,KAI0,40018761.77138826,0,25.61092349939631,4.834324277103077,economic
household_2ad3081192,Household Bloc Kairounion-4,Household,KAI0,2341752.9309886773,0,24.604433308228632,1.818268991180211,economic
mediacompany_26f53cd466,Tourism Foundry Kairounion-1,MediaCompany,KAI0,116041.82102260352,15175209.832039002,97.75487995841324,94.1878841801999,company;economic
strategiccompany_6a2f3f39da,Insurance Trust Kairounion-2,StrategicCompany,KAI0,17765518.18266138,14828.965218577212,176.65113195490187,108.1703106992956,company;economic
civiliancompany_bb60c97534,Agriculture Works Kairounion-3,CivilianCompany,KAI0,48287.16816362929,49496280.365398906,-31.717916838009423,259.8127048532918,company;economic
civiliancompany_b1eb3dbd9b,Software Works Kairounion-4,CivilianCompany,KAI0,655579.8303538364,0,366.2117056337198,1.1809175174572835,company;economic
industrialcompany_a6e78172d3,Housing Guild Kairounion-5,IndustrialCompany,KAI0,96098.32412847837,32051166.68792921,219.12012572211864,120.88654450905281,company;economic
researchcompany_48c646b2e7,Law Arc Kairounion-6,ResearchCompany,KAI0,79867.40547463905,6637758.656446151,307.0148830332697,18.57718247786674,company;economic
industrialcompany_304852d2f1,Insurance Trust Kairounion-7,IndustrialCompany,KAI0,32069733.006130625,0,188.3959821658934,1.6770365475337918,company;economic
industrialcompany_86624bf154,Semiconductors Labs Kairounion-8,IndustrialCompany,KAI0,52758.32860080599,13219504.481664274,-180.83326077318853,564.311422720426,company;economic
mediacompany_652aec4fd2,Media Arc Kairounion-9,MediaCompany,KAI0,37786786.203957506,0,184.82615677239403,1.671516388182393,company;economic
civiliancompany_49d27c98bf,Law Guild Kairounion-10,CivilianCompany,KAI0,7809449.578315359,0,363.21195339808423,1.1991045931178577,company;economic
mediacompany_5da6bd97b1,Culture Arc Kairounion-11,MediaCompany,KAI0,330393.37113140675,91750491.94421922,-297.10474266220575,463.42996649467705,company;economic
industrialcompany_ac934bc9dc,Water Works Kairounion-12,IndustrialCompany,KAI0,723.7984328857365,128460571.07071969,-202.2288415271567,406.8161412640258,company;economic
industrialcompany_7c4885d06a,Energy Works Kairounion-13,IndustrialCompany,KAI0,23545479.864493888,0,226.74561375723843,0.5705169818029568,company;economic
mediacompany_0cf14b4ff4,Tourism Guild Kairounion-14,MediaCompany,KAI0,25861.829284952822,6641734.390415067,94.9609658801033,75.41444491339118,company;economic
mediacompany_376d4ac5b1,Housing Labs Kairounion-15,MediaCompany,KAI0,25560.312277825284,9261453.385176405,-137.1937587299442,283.78289117227195,company;economic
industrialcompany_824e023ab2,Energy Guild Kairounion-16,IndustrialCompany,KAI0,10310.087424368605,70168799.44694594,-628.7825080691022,947.0931170448447,company;economic
strategiccompany_4b8dbcff89,Defense Labs Kairounion-17,StrategicCompany,KAI0,25985530.373002224,0,474.90107264671144,0.8798196103638042,company;economic
strategiccompany_4d5b9c435f,Defense Foundry Kairounion-18,StrategicCompany,KAI0,499703.7914021103,0,346.92983120997013,1.3750678498677813,company;economic
household_5f4ca1a95c,Household Bloc Borealreich-1,Household,BOR1,6903996.805388561,0,27.955729287026347,3.5429938697210233,economic
household_7732608a8c,Household Bloc Borealreich-2,Household,BOR1,10790198.137947073,0,44.418347634565414,0.513585338645806,economic
household_345c572315,Household Bloc Borealreich-3,Household,BOR1,3486144.5723621785,0,32.59611335541646,1.6425609671690886,economic
household_e487373d22,Household Bloc Borealreich-4,Household,BOR1,7883906.166044168,0,22.185538680001525,1.1044718136277116,economic
civiliancompany_396f1f534e,Food Labs Borealreich-1,CivilianCompany,BOR1,72355.16632259238,51820494.249082685,-206.27473682641855,443.6330123595107,company;economic
strategiccompany_e937a875f5,Defense Foundry Borealreich-2,StrategicCompany,BOR1,28585.72789784668,120371020.03496157,-334.4425251740513,699.3786227037123,company;economic
industrialcompany_0be0beafd6,Logistics Labs Borealreich-3,IndustrialCompany,BOR1,120949.55498200643,23975438.58774346,-51.540421368375775,285.0436200445402,company;economic
researchcompany_9bbcef49de,Law Foundry Borealreich-4,ResearchCompany,BOR1,17534140.802526623,0,309.48836948813016,1.851685254449837,company;economic
mediacompany_63003d3474,Insurance Guild Borealreich-5,MediaCompany,BOR1,146795.55536527024,49579268.620982654,-136.99736260064532,288.7060422774205,company;economic
strategiccompany_c9b8a0e962,Software Systems Borealreich-6,StrategicCompany,BOR1,48127778.16720449,0,310.2840548913772,2.019059754915851,company;economic
strategiccompany_c55fc93dfc,Cybersecurity Labs Borealreich-7,StrategicCompany,BOR1,209410.5736029533,44433063.39955271,-442.5199541894702,642.652492930721,company;economic
industrialcompany_1fa6b12c14,Construction Arc Borealreich-8,IndustrialCompany,BOR1,109490.42701215688,36249818.651563026,-283.1234204084664,504.8153613284468,company;economic
researchcompany_402611ff00,Mobility Labs Borealreich-9,ResearchCompany,BOR1,9751.705990484688,24671243.500015285,91.95609421286174,83.31424175464055,company;economic
industrialcompany_cc99839a98,Law Works Borealreich-10,IndustrialCompany,BOR1,131619.55536711577,62890972.26408187,-455.25158477564696,637.9921452793066,company;economic
mediacompany_0107883c8d,Insurance Labs Borealreich-11,MediaCompany,BOR1,52342.78587866713,47535479.897274554,-25.471793218933843,200.92193568155665,company;economic
industrialcompany_dbcbc2b340,Water Labs Borealreich-12,IndustrialCompany,BOR1,57871.9559177303,65669303.41724541,-205.34687755305916,405.07307725321687,company;economic
industrialcompany_4262d95d69,Logistics Systems Borealreich-13,IndustrialCompany,BOR1,101640.39381162154,123665471.9999865,-366.91007788653747,487.81354552084866,company;economic
strategiccompany_967ec3b0dc,Food Guild Borealreich-14,StrategicCompany,BOR1,248557.6111043124,11349703.409510586,248.87960990393057,86.40583069123107,company;economic
mediacompany_e1a5227bd6,Tourism Systems Borealreich-15,MediaCompany,BOR1,143563.6194240371,3882759.185257738,-93.49135812335473,232.11577956720438,company;economic
industrialcompany_280c1dea0f,Luxury Guild Borealreich-16,IndustrialCompany,BOR1,89535.44089353464,0,241.21774200329025,1.9229170651587977,company;economic
researchcompany_1a07c4689b,Research Works Borealreich-17,ResearchCompany,BOR1,34611.800384442955,15752400.119351696,146.35631951983214,101.61985615459719,company;economic
researchcompany_9905a152e0,Agriculture Systems Borealreich-18,ResearchCompany,BOR1,89828.21751415498,180459137.84219494,-394.96982569558645,618.611539736701,company;economic
household_813b91ce69,Household Bloc Umbramark-1,Household,UMB2,34874669.960633606,0,30.97684997644945,3.0347785862038337,economic
household_5333411694,Household Bloc Umbramark-2,Household,UMB2,13212222.31886919,0,30.908098254720805,1.9684302108545213,economic
household_6674c0da29,Household Bloc Umbramark-3,Household,UMB2,63744196.07729296,0,26.965706378583896,1.5070773074292003,economic
household_990bbacc58,Household Bloc Umbramark-4,Household,UMB2,11118988.449176287,0,26.288836728573123,2.0635720340310435,economic
industrialcompany_fb95054b49,Semiconductors Foundry Umbramark-1,IndustrialCompany,UMB2,22528.117013936713,25329524.54906342,-267.82086735532596,459.0515300849,company;economic
researchcompany_a2e555239b,Luxury Systems Umbramark-2,ResearchCompany,UMB2,71139.18472786887,111188575.27784045,-730.978796554824,901.5826153117995,company;economic
industrialcompany_20c53b103f,Agriculture Labs Umbramark-3,IndustrialCompany,UMB2,132635091.28599353,40533.50413183662,199.8468789024716,97.63760145925312,company;economic
industrialcompany_b4a300c43c,Water Arc Umbramark-4,IndustrialCompany,UMB2,26242937.62449202,0,261.1123032069135,0.4940122911845092,company;economic
industrialcompany_00ad1d579f,Finance Guild Umbramark-5,IndustrialCompany,UMB2,10922430.843169902,0,217.0284415880568,2.3560971129850943,company;economic
mediacompany_3ce362b509,Culture Works Umbramark-6,MediaCompany,UMB2,50581082.382376924,0,184.82596659119216,1.5691865312302067,company;economic
strategiccompany_9cdf1fbfdd,Cybersecurity Labs Umbramark-7,StrategicCompany,UMB2,44820769.12359109,0,317.72468095740095,2.548655335095165,company;economic
strategiccompany_459b5017e6,Cybersecurity Systems Umbramark-8,StrategicCompany,UMB2,68658715.5434316,260106.69997522066,281.38968260348895,112.7739813334918,company;economic
mediacompany_80127dd814,Agriculture Arc Umbramark-9,MediaCompany,UMB2,106464068.90122968,0,286.43712167889925,0.5882872067470799,company;economic
researchcompany_46bfdac75f,Food Trust Umbramark-10,ResearchCompany,UMB2,105361685.17808107,0,144.93045611742153,0.44725669692258196,company;economic
strategiccompany_ecaf3e0737,Cybersecurity Labs Umbramark-11,StrategicCompany,UMB2,20134792.971022114,0,318.589334879,2.135219722508422,company;economic
civiliancompany_0f87360e7f,Mobility Works Umbramark-12,CivilianCompany,UMB2,141195.3425830804,7852031.331657037,-124.60801693150061,362.2536687071903,company;economic
industrialcompany_b753376364,Construction Foundry Umbramark-13,IndustrialCompany,UMB2,24715753.99722707,0,267.42991771733824,1.7464977364681376,company;economic
mediacompany_9c43d1b95a,Tourism Labs Umbramark-14,MediaCompany,UMB2,78997.38045439405,135355632.81085324,-511.0126263951281,632.3186610430198,company;economic
mediacompany_f7c465b320,Tourism Systems Umbramark-15,MediaCompany,UMB2,32270568.626120765,0,151.4357291470657,2.3309721874729186,company;economic
platformcompany_8d9bf56257,Food Arc Umbramark-16,PlatformCompany,UMB2,34939.213632022846,1317147.4126766762,173.38701034453888,75.82759733293705,company;economic
mediacompany_b38941b693,Agriculture Works Umbramark-17,MediaCompany,UMB2,34328958.74359192,0,300.6539341211207,1.8129817483286987,company;economic
researchcompany_4237f52eb6,Mobility Labs Umbramark-18,ResearchCompany,UMB2,55557804.588789724,0,167.11974211370674,1.3994005625091983,company;economic
household_d653b7789b,Household Bloc Junokron-1,Household,JUN3,8215182.05497903,0,25.318854216085487,1.5863986643647703,economic
household_3abdbad3a1,Household Bloc Junokron-2,Household,JUN3,9760891.17175061,0,27.137347420661037,1.603317716708369,economic
household_a266921b75,Household Bloc Junokron-3,Household,JUN3,2810202.3250371898,0,24.662222642833747,1.5997888860058391,economic
household_d2a0f6b99a,Household Bloc Junokron-4,Household,JUN3,10975332.461849255,0,30.351483064700872,1.5401051148877885,economic
researchcompany_bcf8f8488a,Software Labs Junokron-1,ResearchCompany,JUN3,115289.58334770415,49312997.27421688,-109.76783643445604,387.37568099653816,company;economic
platformcompany_9ff63ca5a6,Finance Works Junokron-2,PlatformCompany,JUN3,9926210.001723189,0,351.18327475992146,1.5195321906222117,company;economic
strategiccompany_d24a58382e,Space Arc Junokron-3,StrategicCompany,JUN3,292910.99191061006,153213734.79956672,-361.8681047345641,802.070616968003,company;economic
mediacompany_bda6730f57,Culture Systems Junokron-4,MediaCompany,JUN3,120460.555805095,70005541.13500246,-384.82183073699116,551.740669831442,company;economic
strategiccompany_a613d37705,Health Guild Junokron-5,StrategicCompany,JUN3,7648667.448444865,0,453.7600892204334,2.5534022940140826,company;economic
strategiccompany_ea0dc1c402,Cybersecurity Trust Junokron-6,StrategicCompany,JUN3,4910.910129426529,68753798.32394007,-260.4964035070768,526.6565052670629,company;economic
platformcompany_f86d043082,Food Works Junokron-7,PlatformCompany,JUN3,113380.96513348962,38825665.38571912,-120.13623607178958,442.72651925759027,company;economic
strategiccompany_8a611e0b26,Space Labs Junokron-8,StrategicCompany,JUN3,255504.40427418225,1169238.7448536886,169.66267268115314,19.758914741826953,company;economic
strategiccompany_dfb38c59fa,Finance Labs Junokron-9,StrategicCompany,JUN3,60643.068053136376,551327.4661019532,77.16063363717899,9.75039486569106,company;economic
industrialcompany_146cf62eb4,Logistics Foundry Junokron-10,IndustrialCompany,JUN3,82631.74741589859,53602698.269485444,-495.5800142717728,715.1497766288973,company;economic
mediacompany_6ebb291e54,Tourism Guild Junokron-11,MediaCompany,JUN3,100730.73003465564,66613736.65221611,-244.67283792897493,342.2122282860754,company;economic
civiliancompany_b1b0605ff7,Finance Guild Junokron-12,CivilianCompany,JUN3,9782.582655606828,49765435.735073395,78.28566382237501,136.63000131190745,company;economic
platformcompany_38afcfc454,Agriculture Guild Junokron-13,PlatformCompany,JUN3,7595814.62505847,0,243.16089947992927,1.8148477527663334,company;economic
strategiccompany_c731dec8c5,Defense Trust Junokron-14,StrategicCompany,JUN3,78972.9351948998,105836577.90607977,-206.83107361654288,457.43596892893595,company;economic
researchcompany_d537bf94cf,Biotech Guild Junokron-15,ResearchCompany,JUN3,10967832.230729518,0,283.6111254150925,2.0341665485060765,company;economic
mediacompany_092d7a6277,Health Arc Junokron-16,MediaCompany,JUN3,36286.07105748744,164273760.89510053,-319.7767655068713,590.5427050278857,company;economic
mediacompany_086bc5b32c,Media Labs Junokron-17,MediaCompany,JUN3,142239.45598268526,10615011.679820381,-169.27792808465946,274.70873426206487,company;economic
platformcompany_794169c9b1,Finance Foundry Junokron-18,PlatformCompany,JUN3,69712.09421622248,81287541.52619895,-446.69506508168627,561.2186678220944,company;economic
household_61a8810538,Household Bloc Tethysstaat-1,Household,TET4,1130975.4890939945,0,33.97323354203809,1.6912967452131955,economic
household_d98857353f,Household Bloc Tethysstaat-2,Household,TET4,7528840.818056427,0,33.924589272443185,2.1780206607838837,economic
household_263881ba61,Household Bloc Tethysstaat-3,Household,TET4,5741054.866187154,0,31.831387190929668,2.5950247410898952,economic
household_f69cae3986,Household Bloc Tethysstaat-4,Household,TET4,3643684.614125374,0,27.10883638316659,2.595815262931285,economic
platformcompany_6b4dc6ce1b,Health Guild Tethysstaat-1,PlatformCompany,TET4,6690.430795863344,17603861.821665224,12.75436394494457,283.7296986009377,company;economic
industrialcompany_55b4455319,Energy Works Tethysstaat-2,IndustrialCompany,TET4,12453.15340647037,60485991.79949123,-344.39461240735955,521.3957586680973,company;economic
researchcompany_974b7a292e,Research Works Tethysstaat-3,ResearchCompany,TET4,0.0,48957379.26737075,-238.98931627282337,461.58832194379295,company;economic
strategiccompany_668bcc8fac,Defense Works Tethysstaat-4,StrategicCompany,TET4,13480283.65664371,0,230.72030039810048,1.6271875307522077,company;economic
strategiccompany_b3e7da7f8d,Luxury Guild Tethysstaat-5,StrategicCompany,TET4,110352.7519843393,57251869.269090086,-449.33237314000354,584.4581562531433,company;economic
mediacompany_a7d37d3eea,Insurance Works Tethysstaat-6,MediaCompany,TET4,157891.83068821445,42218363.36900262,-341.5918171378533,528.1889401511257,company;economic
strategiccompany_f7cd1d18ea,Law Arc Tethysstaat-7,StrategicCompany,TET4,23235.118441446222,45334618.282719776,-306.98687039179447,556.7256658633252,company;economic
industrialcompany_cb59921ec8,Energy Arc Tethysstaat-8,IndustrialCompany,TET4,29442.853286471218,32304369.63409342,121.21399628503265,214.62544981306655,company;economic
mediacompany_d63a526cf7,Culture Systems Tethysstaat-9,MediaCompany,TET4,766224.1555006825,0,210.5409377999657,2.202078065948313,company;economic
mediacompany_3dd289bc0f,Law Guild Tethysstaat-10,MediaCompany,TET4,148795.5724025902,2865018.198332374,163.25522166693196,165.1019387224336,company;economic
industrialcompany_6fa025d2e8,Construction Works Tethysstaat-11,IndustrialCompany,TET4,19351.0139224224,57854103.55060772,-144.13389031012775,448.99084599647705,company;economic
mediacompany_b517118fcb,Culture Trust Tethysstaat-12,MediaCompany,TET4,68515.10331809004,28204150.38726781,-268.2626855097586,453.5552171439893,company;economic
researchcompany_03d8279b54,Biotech Works Tethysstaat-13,ResearchCompany,TET4,262245.2755569102,125516100.89210218,-403.58142890845266,719.1090488310978,company;economic
platformcompany_8b3add3f74,Law Trust Tethysstaat-14,PlatformCompany,TET4,356565.3814728232,30109197.609176096,-56.17940725381804,199.07195126859912,company;economic
mediacompany_2694092179,Culture Foundry Tethysstaat-15,MediaCompany,TET4,47976.60498130445,165996547.11381042,-372.10917824671435,568.5097887510083,company;economic
mediacompany_9f35e6a309,Tourism Systems Tethysstaat-16,MediaCompany,TET4,36677.2058925745,15014983.79838216,23.102340438372273,140.59274515736263,company;economic
researchcompany_f03e8a6383,Research Guild Tethysstaat-17,ResearchCompany,TET4,183318.9888045707,47942277.232387215,-311.8970377516126,579.2824124592507,company;economic
researchcompany_c5cb9a4637,Biotech Guild Tethysstaat-18,ResearchCompany,TET4,33973.11199894846,85723738.58763538,-266.8994113439456,444.03202994156976,company;economic
household_bbb420d694,Household Bloc Zenitunion-1,Household,ZEN5,6035148.826082083,0,30.35220444998151,2.1053602941454566,economic
household_cf01424552,Household Bloc Zenitunion-2,Household,ZEN5,14205296.687529143,0,22.513988025833765,2.1182045552964937,economic
household_f3dae4cb83,Household Bloc Zenitunion-3,Household,ZEN5,8560820.79258446,0,31.291900135906026,2.338150894252405,economic
household_edaa44fccc,Household Bloc Zenitunion-4,Household,ZEN5,9136704.948501678,0,30.398548674227023,1.1702944531429553,economic
mediacompany_b456099689,Culture Works Zenitunion-1,MediaCompany,ZEN5,243356.13323730868,48844895.21658275,-246.75235436878145,421.12346467088213,company;economic
mediacompany_30f6dbd0e1,Finance Systems Zenitunion-2,MediaCompany,ZEN5,43820.30955161111,49951107.014773116,-112.65061372295153,254.74339866707388,company;economic
researchcompany_a9f75bdce9,Research Foundry Zenitunion-3,ResearchCompany,ZEN5,29050.057396106982,84763056.39777246,-194.7054495708323,389.5541342140917,company;economic
strategiccompany_5cd30d07bb,Defense Works Zenitunion-4,StrategicCompany,ZEN5,99616.94906340995,54184655.02086437,-395.56965027471847,544.5392590783582,company;economic
mediacompany_f2b67f6811,Tourism Guild Zenitunion-5,MediaCompany,ZEN5,3625814.389604422,0,175.71997424985366,1.2828953397848168,company;economic
mediacompany_2f95b0fc19,Media Systems Zenitunion-6,MediaCompany,ZEN5,9136037.866375886,0,125.93002451023393,1.560000333009394,company;economic
researchcompany_e9ec269ab8,Biotech Foundry Zenitunion-7,ResearchCompany,ZEN5,70860.6729155969,55142009.282150604,-224.02715473124454,583.7772669494518,company;economic
industrialcompany_a6769c2c1d,Agriculture Foundry Zenitunion-8,IndustrialCompany,ZEN5,11434286.491578324,0,307.120034063193,2.44609522559335,company;economic
platformcompany_636dd544a2,Housing Guild Zenitunion-9,PlatformCompany,ZEN5,24944367.00706666,32081.69298698988,108.25649723570243,103.42021274039092,company;economic
industrialcompany_367e635f3c,Construction Labs Zenitunion-10,IndustrialCompany,ZEN5,139485.4383210848,21560367.997652303,-141.77719591303946,349.14770020663315,company;economic
mediacompany_b384ccbf49,Culture Works Zenitunion-11,MediaCompany,ZEN5,9467264.340346903,0,256.7811292029806,1.8185000575763937,company;economic
platformcompany_9b08455e2c,Software Foundry Zenitunion-12,PlatformCompany,ZEN5,59421.179864105135,17047958.92541628,71.49184287866473,194.4185835177549,company;economic
strategiccompany_099352d610,Law Arc Zenitunion-13,StrategicCompany,ZEN5,97362.89692964796,11570692.462066438,21.211040249446803,210.50574239443122,company;economic
industrialcompany_a2c07a9b39,Food Works Zenitunion-14,IndustrialCompany,ZEN5,20652.879286208976,26057199.053543366,-118.11972854177695,402.2275147167098,company;economic
mediacompany_03602578af,Finance Foundry Zenitunion-15,MediaCompany,ZEN5,113303.77546907146,6217052.747992766,-51.50547131225372,193.86299486535262,company;economic
mediacompany_dfacbc01a2,Insurance Arc Zenitunion-16,MediaCompany,ZEN5,257683.0477854781,0,308.0508606047895,2.2947908681213023,company;economic
industrialcompany_164a380aee,Logistics Arc Zenitunion-17,IndustrialCompany,ZEN5,2309386.54749119,0,241.47356510280596,1.197898429129326,company;economic
industrialcompany_2a63093ea5,Health Trust Zenitunion-18,IndustrialCompany,ZEN5,154681.37460317663,336554.6671557389,185.2954219174008,10.519572230724876,company;economic
household_35c9930f4c,Household Bloc Civitasreich-1,Household,CIV6,18071674.649993293,0,26.429676918134106,1.5934506154644252,economic
household_34cdccfd87,Household Bloc Civitasreich-2,Household,CIV6,69611116.04715537,0,24.85081095847796,1.8614412886116083,economic
household_3f175c01dd,Household Bloc Civitasreich-3,Household,CIV6,71766790.86744498,0,18.055702492151,1.0817144881020555,economic
household_44483b875b,Household Bloc Civitasreich-4,Household,CIV6,69205373.97446752,0,25.820648611164053,2.431596551710473,economic
industrialcompany_36dc81f73a,Logistics Trust Civitasreich-1,IndustrialCompany,CIV6,106657785.84451868,0,310.68638738003114,2.447652903729703,company;economic
industrialcompany_c4d30ae329,Food Systems Civitasreich-2,IndustrialCompany,CIV6,100084225.6186675,68507.75932968313,119.44520883196107,59.224136593031375,company;economic
researchcompany_ffd2afb163,Housing Labs Civitasreich-3,ResearchCompany,CIV6,73634347.50447787,120262.60003118012,182.45637360631946,99.672950999399,company;economic
researchcompany_d09ecc63b3,Health Guild Civitasreich-4,ResearchCompany,CIV6,92044915.6239725,139738.97266478222,259.6004287024182,143.83631644438742,company;economic
researchcompany_e58bdf9326,Law Arc Civitasreich-5,ResearchCompany,CIV6,0.0,54140861.11962591,-53.60060515135085,407.0575498594342,company;economic
strategiccompany_0103344cf3,Mobility Trust Civitasreich-6,StrategicCompany,CIV6,119296887.59916154,23176.17249230656,269.8670680062705,1.4984643438606287,company;economic
strategiccompany_8106b582e0,Defense Guild Civitasreich-7,StrategicCompany,CIV6,15740195.096383255,0,278.3167088812539,0.9456988497876694,company;economic
industrialcompany_175b2be7ba,Water Works Civitasreich-8,IndustrialCompany,CIV6,42549118.86807001,0,261.2186798008931,3.4833796627269042,company;economic
industrialcompany_f7b7cfe271,Logistics Guild Civitasreich-9,IndustrialCompany,CIV6,16102088.902773652,0,241.01944614405915,2.952691273500354,company;economic
platformcompany_e5e0814c9c,Software Trust Civitasreich-10,PlatformCompany,CIV6,16946307.00090893,0,275.1755323147351,0.9893806318320733,company;economic
civiliancompany_f056789873,Software Foundry Civitasreich-11,CivilianCompany,CIV6,82087551.37682028,0,171.18338796835178,3.2666795022773396,company;economic
civiliancompany_95ba57a906,Luxury Works Civitasreich-12,CivilianCompany,CIV6,23683652.111265294,0,183.41618909362307,4.327888341364185,company;economic
strategiccompany_cf0b14a666,Space Foundry Civitasreich-13,StrategicCompany,CIV6,34716.23031937388,36594646.77378311,-77.1404930238851,233.31319644757525,company;economic
researchcompany_d5978355f3,Software Foundry Civitasreich-14,ResearchCompany,CIV6,100638636.22304383,0,227.33836294736864,1.8108717173321653,company;economic
platformcompany_2629d2bfdd,Software Works Civitasreich-15,PlatformCompany,CIV6,64064541.87267042,0,273.9678945277684,3.174027674285234,company;economic
strategiccompany_ea64ebe074,Cybersecurity Guild Civitasreich-16,StrategicCompany,CIV6,56335983.89937313,0,281.1309635468661,1.996972066639548,company;economic
strategiccompany_c6510dd1dc,Defense Arc Civitasreich-17,StrategicCompany,CIV6,307667.17830229463,68890003.62972255,-171.59305323293023,505.7493830374862,company;economic
civiliancompany_69085261eb,Agriculture Systems Civitasreich-18,CivilianCompany,CIV6,11298670.993717235,0,318.0128151433318,0.7503862002048363,company;economic
household_da17c584d6,Household Bloc Rheamark-1,Household,RHE7,6764035.451253789,0,31.46262757197874,1.3444676131488085,economic
household_08c420b2aa,Household Bloc Rheamark-2,Household,RHE7,21403662.036481418,0,25.427079190316338,3.483088122618005,economic
household_0ef0f46321,Household Bloc Rheamark-3,Household,RHE7,12060233.112170963,0,33.765323483525634,1.3302814138781611,economic
household_a888e75206,Household Bloc Rheamark-4,Household,RHE7,9790014.606843777,0,28.68182716027911,2.105789823653881,economic
mediacompany_adcd954c29,Media Works Rheamark-1,MediaCompany,RHE7,27366068.55820242,0,106.95126790489142,3.534590646145306,company;economic
mediacompany_67c2c29122,Finance Systems Rheamark-2,MediaCompany,RHE7,83564117.95050113,59693.6554213342,192.56090952574397,25.180028135028007,company;economic
platformcompany_530073748e,Finance Labs Rheamark-3,PlatformCompany,RHE7,104529.7663032193,26638666.28437561,-301.2698258111769,381.8145031287784,company;economic
industrialcompany_8ffc1ea54a,Water Foundry Rheamark-4,IndustrialCompany,RHE7,493646.29893783707,108438737.46857393,-522.378995584706,705.0963101238531,company;economic
mediacompany_d4f47aeb33,Food Systems Rheamark-5,MediaCompany,RHE7,168557.19230485917,43538953.853864215,-336.67652186925704,547.3625187320573,company;economic
strategiccompany_fb720add8d,Cybersecurity Systems Rheamark-6,StrategicCompany,RHE7,109569.94650317334,40212290.83543469,-378.9832615163034,571.0439312607556,company;economic
strategiccompany_04523e0bb3,Cybersecurity Labs Rheamark-7,StrategicCompany,RHE7,60408.96166839124,95986602.72605658,-214.81740040385202,464.97551749416755,company;economic
industrialcompany_cb44843d4a,Mobility Guild Rheamark-8,IndustrialCompany,RHE7,148304.28689255338,55890131.85061198,-306.78595160483417,538.8911186745971,company;economic
mediacompany_49790322de,Culture Labs Rheamark-9,MediaCompany,RHE7,79987.70381005999,85126043.36393647,-279.1468572741119,427.9594342305011,company;economic
researchcompany_23d1e1595c,Luxury Labs Rheamark-10,ResearchCompany,RHE7,40464.653535662015,56657291.05014423,-266.30749006898844,431.6063793257719,company;economic
industrialcompany_9bca99f929,Construction Foundry Rheamark-11,IndustrialCompany,RHE7,282226.33940237295,64369915.67157901,-403.1969255433218,720.0621453861056,company;economic
civiliancompany_5339b5e1af,Food Guild Rheamark-12,CivilianCompany,RHE7,47800.118059152526,85542319.54697873,-213.0069512412951,514.1325749873845,company;economic
civiliancompany_5d617eb518,Law Trust Rheamark-13,CivilianCompany,RHE7,5121739.1972655095,0,254.20143848972202,0.7845501718147989,company;economic
strategiccompany_31eb42ba30,Defense Guild Rheamark-14,StrategicCompany,RHE7,13344440.917273208,0,395.19256745951265,1.7515292766980481,company;economic
platformcompany_2ce9209a34,Luxury Works Rheamark-15,PlatformCompany,RHE7,251183.11074778295,2269789.604074909,-52.93851430647118,188.29503095715904,company;economic
industrialcompany_d57d06dcc1,Finance Guild Rheamark-16,IndustrialCompany,RHE7,1591246.694460632,0,198.0809646077629,2.891935888307597,company;economic
industrialcompany_d92a3d104e,Logistics Guild Rheamark-17,IndustrialCompany,RHE7,176487.03171831928,89492904.11393142,-308.3565165492454,488.4477442761597,company;economic
civiliancompany_e449b14bc2,Finance Labs Rheamark-18,CivilianCompany,RHE7,145917.86659256578,49514948.815453134,-327.834975251759,423.8024222728052,company;economic
household_c92a54ce90,Household Bloc Ioniabund-1,Household,ION8,12901382.516156862,0,35.0207978830026,3.2303473525793427,economic
household_79c8c9bc38,Household Bloc Ioniabund-2,Household,ION8,12893194.960395098,0,23.85918694460061,3.4859520363360623,economic
household_97cea00af6,Household Bloc Ioniabund-3,Household,ION8,1589331.2442767,0,24.466652612466785,2.145045953027231,economic
household_8025441b80,Household Bloc Ioniabund-4,Household,ION8,1536079.6214195504,0,20.239231367296128,2.8382457718186327,economic
civiliancompany_a44c5b22c3,Mobility Guild Ioniabund-1,CivilianCompany,ION8,214978.417215581,72036854.16266537,-385.92454643948935,589.7089320419307,company;economic
mediacompany_18e423d789,Mobility Guild Ioniabund-2,MediaCompany,ION8,79517.80307054437,44090124.32657034,-157.26280496337392,300.408562174402,company;economic
researchcompany_655b753a8c,Research Works Ioniabund-3,ResearchCompany,ION8,87924.10864042703,71232621.84648027,-293.57283465114114,498.3382611786304,company;economic
strategiccompany_55b0006c76,Cybersecurity Guild Ioniabund-4,StrategicCompany,ION8,8275574.945658519,247675.47565773875,305.52732081074754,129.20577084941803,company;economic
civiliancompany_4936cb5c76,Luxury Labs Ioniabund-5,CivilianCompany,ION8,69758.81838420055,68645886.10966583,-261.01811404657633,430.45114113339315,company;economic
mediacompany_2e17df9522,Culture Works Ioniabund-6,MediaCompany,ION8,68649.3343901128,41607079.7902384,-325.67103769559236,503.07301270778146,company;economic
industrialcompany_e8ba9883e0,Energy Labs Ioniabund-7,IndustrialCompany,ION8,49936.233247415505,23819830.28282989,123.41926668265539,237.23119488687882,company;economic
strategiccompany_9fc190c14a,Insurance Foundry Ioniabund-8,StrategicCompany,ION8,80867.70697084372,30458775.289877154,-98.69583414363538,306.113277703404,company;economic
platformcompany_0093e7d697,Health Systems Ioniabund-9,PlatformCompany,ION8,135571.8538131045,72538714.30627914,-255.9425736447961,402.7682017640467,company;economic
researchcompany_552e304652,Biotech Arc Ioniabund-10,ResearchCompany,ION8,14428565.437129527,0,257.5249136237037,1.307512988197866,company;economic
mediacompany_c30c62429a,Health Systems Ioniabund-11,MediaCompany,ION8,3311613.1805903898,0,345.55519523235006,1.1059588900774076,company;economic
researchcompany_fdd7e03fa5,Research Guild Ioniabund-12,ResearchCompany,ION8,22578216.83072125,0,234.08372882681428,1.1039282734773341,company;economic
industrialcompany_98dd34952a,Water Trust Ioniabund-13,IndustrialCompany,ION8,86512.58180644612,7016321.598364854,209.2088555786973,64.99041753909562,company;economic
researchcompany_e2c17b8d0b,Education Foundry Ioniabund-14,ResearchCompany,ION8,189096.16953958682,14307716.784693617,-549.8950044825875,719.9736893943074,company;economic
platformcompany_078f880f82,Housing Trust Ioniabund-15,PlatformCompany,ION8,67761.08586235734,45635643.426280305,-296.83119832063187,588.9249551337372,company;economic
researchcompany_1ee8b955f6,Education Works Ioniabund-16,ResearchCompany,ION8,13285621.543875044,0,276.36533466208095,1.1487179917679236,company;economic
mediacompany_002fa7a787,Media Works Ioniabund-17,MediaCompany,ION8,100060.44066222353,143861883.59357443,-762.6795557546003,880.5516297741837,company;economic
platformcompany_85029d153c,Law Labs Ioniabund-18,PlatformCompany,ION8,59934.93607900402,16198517.947561901,-92.75235172064924,378.0299558579088,company;economic
household_bd7780d447,Household Bloc Ferromark-1,Household,FER9,1174805.6476084567,0,23.840711771278666,4.023134666288311,economic
household_970c41281c,Household Bloc Ferromark-2,Household,FER9,1765952.290774981,0,37.49103942905434,1.568789562725585,economic
household_d4369f11b0,Household Bloc Ferromark-3,Household,FER9,3689321.9324572827,0,27.054953719146386,1.7732696097600886,economic
household_7a76ae6f38,Household Bloc Ferromark-4,Household,FER9,3767859.974534405,0,26.05302185367149,1.618499420382129,economic
researchcompany_6296f04a0b,Software Trust Ferromark-1,ResearchCompany,FER9,1999149.7878504002,0,409.08604911178327,1.6423860747668733,company;economic
strategiccompany_efb7ccb1c2,Space Arc Ferromark-2,StrategicCompany,FER9,2960684.6217717747,0,371.105222971229,1.2500233603720827,company;economic
strategiccompany_b3038a40da,Luxury Trust Ferromark-3,StrategicCompany,FER9,10051.044705414346,74192474.30265325,-366.8222355785454,572.120321668748,company;economic
mediacompany_bbd678caf0,Media Guild Ferromark-4,MediaCompany,FER9,64056.40828370273,16954770.167668443,-441.3431575679232,585.0931952430908,company;economic
industrialcompany_9c1e1a3b27,Software Systems Ferromark-5,IndustrialCompany,FER9,215228.68439382676,69746119.02979603,-350.04106133926774,674.5770272338937,company;economic
mediacompany_2a639548bc,Luxury Systems Ferromark-6,MediaCompany,FER9,74826.67230447699,112315810.63723312,-388.3438190034605,562.4106124854346,company;economic
strategiccompany_a2ac39c261,Insurance Systems Ferromark-7,StrategicCompany,FER9,6536318.7019025255,0,249.82472828209617,0.9918849606710751,company;economic
researchcompany_cb9d8f1db1,Software Arc Ferromark-8,ResearchCompany,FER9,129633.79423726637,1879269.8246098119,-118.40320756029699,239.5631792627632,company;economic
industrialcompany_786419d8a5,Logistics Works Ferromark-9,IndustrialCompany,FER9,110089.05253703854,54101315.70455615,-309.6816019790637,471.81961781379533,company;economic
platformcompany_4458829bb2,Software Guild Ferromark-10,PlatformCompany,FER9,0.0,46796882.8091371,-228.71031443622658,487.11713913819483,company;economic
industrialcompany_fed95a29ec,Luxury Works Ferromark-11,IndustrialCompany,FER9,131789.6048539813,130682768.36554015,-501.8135905349095,721.3046104011454,company;economic
industrialcompany_f028263ecc,Water Systems Ferromark-12,IndustrialCompany,FER9,9979283.704961076,0,301.55612280802524,0.8885852103235582,company;economic
industrialcompany_1cce0eb7cf,Construction Arc Ferromark-13,IndustrialCompany,FER9,221189.86822577062,17195481.071599662,-432.0461330635948,715.2837437535453,company;economic
industrialcompany_e1aecc5880,Water Arc Ferromark-14,IndustrialCompany,FER9,164858.23008516832,47543598.108840555,-169.4860538571595,474.9363428690888,company;economic
civiliancompany_a6ce21cf92,Food Labs Ferromark-15,CivilianCompany,FER9,114494.36169343788,1537099.5791807014,78.64841323754474,137.98275683408022,company;economic
industrialcompany_72dbc06986,Water Systems Ferromark-16,IndustrialCompany,FER9,51964.2346782019,58832692.34754666,-233.97084986421413,465.469242753763,company;economic
researchcompany_f160e41d07,Research Works Ferromark-17,ResearchCompany,FER9,283174.6033010871,35200983.445503086,-294.0507441390666,549.9167564183253,company;economic
mediacompany_e8a718892e,Media Trust Ferromark-18,MediaCompany,FER9,104889.91675867185,97557357.7466265,-451.78947682494254,576.2685436131894,company;economic
household_bbf79c8ad0,Household Bloc Praxareich-1,Household,PRA0,30838954.021092135,0,29.83755994114078,1.182550806398896,economic
household_5927ed86e0,Household Bloc Praxareich-2,Household,PRA0,87769471.00684406,0,37.881256306544266,1.4415514699740906,economic
household_e83f5ad79c,Household Bloc Praxareich-3,Household,PRA0,89741806.45917332,0,37.15906076013043,1.552958199113498,economic
household_c9a7e3064f,Household Bloc Praxareich-4,Household,PRA0,24209776.03644041,0,24.374037692389706,3.347330839297787,economic
industrialcompany_9d1b76fa5d,Construction Trust Praxareich-1,IndustrialCompany,PRA0,178984.76129609492,72398780.94328801,-155.31955902461536,572.6489971774832,company;economic
strategiccompany_858b8fef58,Defense Arc Praxareich-2,StrategicCompany,PRA0,13392259.70801989,0,377.6197175186967,2.1064057718608957,company;economic
civiliancompany_6aae0974f3,Finance Foundry Praxareich-3,CivilianCompany,PRA0,165257.47330425703,8586921.528010767,-80.49739813760102,166.78945442842848,company;economic
researchcompany_feba0638bc,Insurance Trust Praxareich-4,ResearchCompany,PRA0,42570.63027987415,23449091.327522565,42.797907057944485,135.4898715002053,company;economic
mediacompany_5777c1fedd,Tourism Labs Praxareich-5,MediaCompany,PRA0,200161.3595163702,11244340.753287194,-185.37149131263473,365.7561653002677,company;economic
strategiccompany_b2131c7779,Cybersecurity Foundry Praxareich-6,StrategicCompany,PRA0,26392959.12712539,0,288.45343962205664,1.630800100670836,company;economic
strategiccompany_ad2f44dbf8,Space Foundry Praxareich-7,StrategicCompany,PRA0,178929573.69069725,0,367.7673060871273,0.5210404611014278,company;economic
researchcompany_b85a347aa5,Luxury Trust Praxareich-8,ResearchCompany,PRA0,43825514.29071493,0,143.73330018396436,2.544172673299406,company;economic
platformcompany_a4978619cb,Law Works Praxareich-9,PlatformCompany,PRA0,67308424.03946543,0,263.3160343580483,2.389850809582958,company;economic
industrialcompany_8a4d7b0f27,Construction Systems Praxareich-10,IndustrialCompany,PRA0,23723311.377791673,0,199.49912069885198,2.117388578257323,company;economic
industrialcompany_e22d444196,Insurance Works Praxareich-11,IndustrialCompany,PRA0,33484709.361818604,0,227.71106870748181,3.9727728562801743,company;economic
researchcompany_a7b64dae43,Education Works Praxareich-12,ResearchCompany,PRA0,22669091.029265486,51295.343090443836,202.76892231255644,47.98927074637612,company;economic
mediacompany_fa4b550c3e,Insurance Guild Praxareich-13,MediaCompany,PRA0,408844.3735437486,2172076.672027303,76.11786515098281,127.39142969000552,company;economic
researchcompany_554779bcb5,Education Works Praxareich-14,ResearchCompany,PRA0,37089.68127650015,67446667.55306795,-318.07391717453413,450.8275157962078,company;economic
researchcompany_464c868a48,Health Arc Praxareich-15,ResearchCompany,PRA0,56590235.330718584,0,342.91777976589367,1.8211919244719117,company;economic
mediacompany_a610bba658,Mobility Trust Praxareich-16,MediaCompany,PRA0,66516408.63557402,56011.86893085871,125.11952813992538,70.99040389216604,company;economic
researchcompany_f619fea0f3,Biotech Systems Praxareich-17,ResearchCompany,PRA0,12282187.652272133,0,326.103212750246,1.2161872869543424,company;economic
industrialcompany_a21ff139a2,Luxury Trust Praxareich-18,IndustrialCompany,PRA0,75951.56482588979,108924677.71422379,-562.7334682733882,788.1423218911607,company;economic
household_743ff8759b,Household Bloc Mirastaat-1,Household,MIR1,2243547.4010385475,0,20.409534736014756,2.713170690836537,economic
household_95987d55ac,Household Bloc Mirastaat-2,Household,MIR1,7823928.531363015,0,21.399051718576345,3.338847190985589,economic
household_e3e1300695,Household Bloc Mirastaat-3,Household,MIR1,13423486.28022922,0,43.99870123411667,3.128006985220781,economic
household_7c8dfcdaf5,Household Bloc Mirastaat-4,Household,MIR1,10829780.013180789,0,32.36490112241824,2.431648069036371,economic
strategiccompany_d65245b0e2,Defense Systems Mirastaat-1,StrategicCompany,MIR1,88273.82525142175,160243674.73028335,-329.9399184442079,626.0576147388456,company;economic
platformcompany_c22f748af2,Housing Guild Mirastaat-2,PlatformCompany,MIR1,95559.74304457686,32812383.100295886,-124.30700881364926,406.82989440149595,company;economic
mediacompany_19661a5eeb,Culture Works Mirastaat-3,MediaCompany,MIR1,12300792.494619086,0,183.5901528190309,0.6002376547560528,company;economic
industrialcompany_703c866a5a,Water Arc Mirastaat-4,IndustrialCompany,MIR1,70387.156833602,15254071.494315002,48.22167826821241,148.53718446489083,company;economic
mediacompany_3d5d86a81e,Culture Trust Mirastaat-5,MediaCompany,MIR1,140422.3555674225,25985523.67124229,-309.8012857480381,478.7563603793421,company;economic
strategiccompany_22855d3917,Defense Systems Mirastaat-6,StrategicCompany,MIR1,56150.42400616881,12635007.724834703,37.35595463885719,167.23128741367515,company;economic
platformcompany_27c86023d0,Housing Trust Mirastaat-7,PlatformCompany,MIR1,42405.742237833445,518988.89116839715,219.42168341604457,17.379614671443104,company;economic
industrialcompany_815fdcd813,Construction Systems Mirastaat-8,IndustrialCompany,MIR1,6803921.134569909,0,279.77212782707045,1.1295567023423272,company;economic
researchcompany_f3c7f0caa8,Biotech Works Mirastaat-9,ResearchCompany,MIR1,116117.52985619467,58976695.48605727,-225.1080582935585,438.9128206586153,company;economic
strategiccompany_9421fba5ad,Space Labs Mirastaat-10,StrategicCompany,MIR1,62132.61390654969,41324645.079698615,-100.42357239374472,388.75424448940635,company;economic
industrialcompany_d7de5d6225,Energy Trust Mirastaat-11,IndustrialCompany,MIR1,72289.10778795154,64186377.205652595,30.074311387515902,210.80837182990473,company;economic
mediacompany_d3fdd3561d,Culture Labs Mirastaat-12,MediaCompany,MIR1,57927.02057894168,78422276.23727964,-394.2220918630062,540.6232640371101,company;economic
industrialcompany_d4de8f655e,Semiconductors Foundry Mirastaat-13,IndustrialCompany,MIR1,108143.28450108485,7856108.947762121,14.29250754870232,182.0424404021772,company;economic
industrialcompany_32bdd57676,Construction Trust Mirastaat-14,IndustrialCompany,MIR1,4009777.0895310785,122359.39672517142,196.1548608707671,119.6751097152556,company;economic
civiliancompany_68cd5500c9,Food Trust Mirastaat-15,CivilianCompany,MIR1,17846982.083358854,0,96.67789470910252,1.105223624831581,company;economic
industrialcompany_981d41abdb,Logistics Foundry Mirastaat-16,IndustrialCompany,MIR1,206698.27718069564,11086707.416382998,-149.0404410571318,342.26987435283456,company;economic
industrialcompany_46becab102,Logistics Arc Mirastaat-17,IndustrialCompany,MIR1,131308.96111493566,60601364.33821791,-33.61335075205176,286.65514060082006,company;economic
industrialcompany_e9846a49c5,Energy Systems Mirastaat-18,IndustrialCompany,MIR1,176573.7216319794,9141708.391405368,55.97711590662756,132.34500641878628,company;economic
household_141d64c19a,Household Bloc Wegakron-1,Household,WEG2,11027044.72777019,0,29.754831622749155,1.7075813232263215,economic
household_a9df623304,Household Bloc Wegakron-2,Household,WEG2,22771430.46717341,0,38.36713055622631,0.8875443557105596,economic
household_fd048e8a5e,Household Bloc Wegakron-3,Household,WEG2,17088185.610064477,0,23.777860515455636,2.955065512500636,economic
household_1cda4b0d6d,Household Bloc Wegakron-4,Household,WEG2,20482228.120863937,0,28.37947845384555,1.6545324808302875,economic
researchcompany_1341c315c6,Housing Systems Wegakron-1,ResearchCompany,WEG2,80955.61646420836,18537730.345226966,-171.02340814708953,371.9066737657625,company;economic
researchcompany_2b320d18f3,Biotech Arc Wegakron-2,ResearchCompany,WEG2,19969178.96960549,0,165.94909457557327,0.7541908202069612,company;economic
civiliancompany_8001500643,Mobility Arc Wegakron-3,CivilianCompany,WEG2,15410161.689223472,0,202.56154964615868,2.336418605541895,company;economic
researchcompany_bcc547fe3e,Insurance Arc Wegakron-4,ResearchCompany,WEG2,7956992.16224206,0,211.92275247344378,2.282383096527233,company;economic
mediacompany_a3d14f023d,Mobility Labs Wegakron-5,MediaCompany,WEG2,30612849.987481903,0,340.0879609597851,1.5987332679533295,company;economic
industrialcompany_763e3e2141,Energy Systems Wegakron-6,IndustrialCompany,WEG2,31362220.899849314,0,206.13409117908247,1.9541871085507843,company;economic
strategiccompany_08548c274e,Finance Arc Wegakron-7,StrategicCompany,WEG2,51123317.186278835,0,129.22507261110565,1.3541748852421207,company;economic
researchcompany_cddd8a68e5,Education Arc Wegakron-8,ResearchCompany,WEG2,23120959.11414457,0,183.62877324508867,2.3139570594555483,company;economic
civiliancompany_c517b0df39,Software Arc Wegakron-9,CivilianCompany,WEG2,258519.05782430468,86693468.05678904,-457.847336085489,644.4550220572241,company;economic
mediacompany_5ab17f6ded,Media Guild Wegakron-10,MediaCompany,WEG2,53082.03910141978,3914833.0934532336,11.446768123401801,108.96701354343818,company;economic
mediacompany_82bc7747fc,Media Systems Wegakron-11,MediaCompany,WEG2,51271.49305132591,23602495.25322653,24.03381151054942,141.6539597261872,company;economic
industrialcompany_6af686dc2a,Finance Trust Wegakron-12,IndustrialCompany,WEG2,4168.092775784711,83438793.28876066,-323.07187484502685,397.92409075319165,company;economic
industrialcompany_9ec5c68ceb,Agriculture Guild Wegakron-13,IndustrialCompany,WEG2,7901283.999137783,0,145.67650853464332,2.6658695930085416,company;economic
strategiccompany_2bc1469c7e,Defense Foundry Wegakron-14,StrategicCompany,WEG2,14312.164823256486,59816967.131717,-358.1197166594905,550.923045046444,company;economic
mediacompany_d70826fbd6,Media Guild Wegakron-15,MediaCompany,WEG2,25493240.598677598,25621.650572348226,178.6349796778062,18.65030233789283,company;economic
researchcompany_fb0347ad23,Education Works Wegakron-16,ResearchCompany,WEG2,101575.51904071045,12632518.331433821,-145.91858003609977,318.7871180391897,company;economic
researchcompany_dfa67019e1,Housing Arc Wegakron-17,ResearchCompany,WEG2,0.0,72009493.90826012,-181.5834883070571,527.1177921343098,company;economic
industrialcompany_961821fc62,Logistics Trust Wegakron-18,IndustrialCompany,WEG2,7339746.482676175,0,207.6832126222021,2.189158439249716,company;economic
household_db29abef6e,Household Bloc Miraland-1,Household,MIR3,9545438.008997887,0,24.877238757688588,3.068555488332286,economic
household_d431a6eb32,Household Bloc Miraland-2,Household,MIR3,2566964.203002042,0,26.852111212708888,2.7386519521714283,economic
household_b67090b0e4,Household Bloc Miraland-3,Household,MIR3,12891406.607676435,0,31.789077829952628,2.3828556485240986,economic
household_2934909618,Household Bloc Miraland-4,Household,MIR3,6117814.9981274055,0,19.737577435609058,1.6566932537443195,economic
researchcompany_24357ef961,Insurance Arc Miraland-1,ResearchCompany,MIR3,35553.118064151284,7522901.255285398,-110.2396343717273,252.2895175249866,company;economic
strategiccompany_007f9aad3f,Insurance Trust Miraland-2,StrategicCompany,MIR3,270286.3778784975,11278987.052678421,-201.2213429334093,426.7175018451413,company;economic
researchcompany_7355bb90ee,Research Foundry Miraland-3,ResearchCompany,MIR3,32340.00523783741,20042398.25742585,-281.37377195639505,450.6811951467879,company;economic
industrialcompany_59a5577bf5,Water Works Miraland-4,IndustrialCompany,MIR3,74374.90479044335,4393652.865473919,-55.64963881742391,309.2599111667906,company;economic
strategiccompany_816296cf0d,Agriculture Guild Miraland-5,StrategicCompany,MIR3,233233.49014863343,17158902.87019608,-235.15411719797072,434.7378998319769,company;economic
industrialcompany_bd08bc9a16,Semiconductors Guild Miraland-6,IndustrialCompany,MIR3,123029.1457853276,73064812.69500034,-336.0992102219487,606.5444176276039,company;economic
researchcompany_0026f8d318,Biotech Systems Miraland-7,ResearchCompany,MIR3,6184.685503300852,79945255.56423113,-333.3319440299263,578.0970646369258,company;economic
industrialcompany_ebb864afbe,Water Foundry Miraland-8,IndustrialCompany,MIR3,36120.768059366455,38667194.28706212,-455.76887555957427,670.7717779950673,company;economic
industrialcompany_486594e806,Construction Systems Miraland-9,IndustrialCompany,MIR3,175965.5174946966,9767665.146525927,0.21549625173373066,398.8256549008434,company;economic
industrialcompany_cb4bbf181f,Water Works Miraland-10,IndustrialCompany,MIR3,208791.46013242292,16553123.348234951,-314.52429979510646,619.3497384777089,company;economic
mediacompany_d9b3438c25,Food Guild Miraland-11,MediaCompany,MIR3,104451.99640905901,9647313.741909012,63.1229548612904,137.95447233264318,company;economic
strategiccompany_e9dde5755d,Agriculture Trust Miraland-12,StrategicCompany,MIR3,2432626.6142333923,0,223.13117261412904,0.38558825446155953,company;economic
industrialcompany_0890568677,Semiconductors Trust Miraland-13,IndustrialCompany,MIR3,53013.63911297795,121528742.23250693,-287.49656294585236,536.763229538896,company;economic
industrialcompany_7feb440a79,Construction Arc Miraland-14,IndustrialCompany,MIR3,11157185.203635685,0,459.6907204296791,1.3740391308297502,company;economic
civiliancompany_5822871cd7,Health Arc Miraland-15,CivilianCompany,MIR3,73955.1298403222,41404747.83589518,-451.0415017619148,716.847570210472,company;economic
platformcompany_93c2ed5106,Health Works Miraland-16,PlatformCompany,MIR3,8094.653198957591,5645035.419052042,-46.58079349938701,328.3280119685748,company;economic
researchcompany_1f0ac42a22,Health Arc Miraland-17,ResearchCompany,MIR3,11272.187638625,8412615.569881402,-94.19571716198847,353.1238539199201,company;economic
mediacompany_74897a35a9,Media Works Miraland-18,MediaCompany,MIR3,210567.97216044826,10135927.735698558,-62.06285734077434,152.05968042522125,company;economic
household_19f6bd221a,Household Bloc Elioskron-1,Household,ELI4,6538615.824698846,0,33.00749672091233,2.929000543156283,economic
household_cf38e15447,Household Bloc Elioskron-2,Household,ELI4,6957611.68472083,0,36.84425521311972,1.5804868209585592,economic
household_2d0d5d8b82,Household Bloc Elioskron-3,Household,ELI4,5152495.173687372,0,30.38920336476225,2.2407896863803285,economic
household_f11e1105b8,Household Bloc Elioskron-4,Household,ELI4,9336623.814727828,0,22.368563969718664,2.987272365166098,economic
researchcompany_49190783b6,Agriculture Foundry Elioskron-1,ResearchCompany,ELI4,244099.51845229746,93115754.90526092,-435.14868082104726,665.2637925722929,company;economic
civiliancompany_0213aca435,Food Works Elioskron-2,CivilianCompany,ELI4,185311.358851852,30842915.13817206,-359.5026827731557,630.0668127138227,company;economic
industrialcompany_4c8ca38691,Insurance Systems Elioskron-3,IndustrialCompany,ELI4,24476.4112677366,37441738.8021286,-407.332532132498,581.9758012829168,company;economic
industrialcompany_7adde69849,Energy Trust Elioskron-4,IndustrialCompany,ELI4,94135.64205321088,43706203.17748248,-470.7223226121562,665.2635892894024,company;economic
strategiccompany_d2d2e88b94,Defense Foundry Elioskron-5,StrategicCompany,ELI4,81255.29194002433,19935291.743119188,-159.90984733460346,531.9244810201972,company;economic
industrialcompany_49fbd39fdd,Water Trust Elioskron-6,IndustrialCompany,ELI4,328251.18507385073,30288201.99625156,-48.25878701169087,371.64957259341253,company;economic
mediacompany_495e55af90,Law Systems Elioskron-7,MediaCompany,ELI4,4271.528216268086,4839450.858345494,315.73818305527755,31.47551828747964,company;economic
strategiccompany_ba39312854,Mobility Labs Elioskron-8,StrategicCompany,ELI4,64490.63455585492,127775596.36958347,-465.89813745120796,647.2175267452407,company;economic
researchcompany_e44dc7e1c2,Biotech Labs Elioskron-9,ResearchCompany,ELI4,33746.082861084884,7711471.245972099,245.62866455057417,114.53043635945359,company;economic
platformcompany_a24dc20bae,Insurance Labs Elioskron-10,PlatformCompany,ELI4,150375.55851881683,49053.76874915453,201.53675407400743,86.36402042745982,company;economic
researchcompany_3d21bb6925,Mobility Labs Elioskron-11,ResearchCompany,ELI4,21896.93562827238,51077887.68261581,-68.20207259542798,242.98639111895451,company;economic
civiliancompany_7c0eab839b,Software Guild Elioskron-12,CivilianCompany,ELI4,130082.2741910081,13936345.524087183,-509.43033336051263,668.705270288174,company;economic
civiliancompany_f6ada6ba21,Housing Guild Elioskron-13,CivilianCompany,ELI4,14254.92580008891,55187323.862238415,-210.09970681406043,344.33402746118566,company;economic
strategiccompany_3e6cb3e37d,Cybersecurity Labs Elioskron-14,StrategicCompany,ELI4,269074.7022412069,23349408.326870773,-349.4103390311577,555.566697924954,company;economic
mediacompany_06be0561ae,Culture Labs Elioskron-15,MediaCompany,ELI4,335239.417857051,15877728.356112259,-80.11633562608704,237.01631313376245,company;economic
strategiccompany_348c3055e8,Agriculture Guild Elioskron-16,StrategicCompany,ELI4,3012588.022380535,0,314.1480978519215,0.3236150711220216,company;economic
strategiccompany_babc7f3e35,Defense Trust Elioskron-17,StrategicCompany,ELI4,152428.954145133,86655173.17248614,-412.85048630302333,592.0357941443251,company;economic
mediacompany_5a75d3be30,Media Arc Elioskron-18,MediaCompany,ELI4,352139.79711016983,14058464.348279966,-200.79611293307573,317.1219469685367,company;economic
household_513524c14d,Household Bloc Dorianbund-1,Household,DOR5,39551008.14456508,0,30.03424723713327,1.3258727808220239,economic
household_54149eb237,Household Bloc Dorianbund-2,Household,DOR5,19426799.55923641,0,25.594494909498835,0.9375435764143302,economic
household_5b29882f8f,Household Bloc Dorianbund-3,Household,DOR5,15670777.083789606,0,25.02959892830574,2.2955038306771582,economic
household_b716e09833,Household Bloc Dorianbund-4,Household,DOR5,41844225.087026976,0,15.426801235581719,3.163457461004928,economic
researchcompany_be15deb299,Research Systems Dorianbund-1,ResearchCompany,DOR5,209429.37450910045,141762822.34026548,-297.8635023074597,594.7215991418564,company;economic
mediacompany_da5a516cef,Culture Labs Dorianbund-2,MediaCompany,DOR5,1693219.5297963428,0,152.8269324449865,2.073271020192265,company;economic
mediacompany_9877adb6a4,Tourism Foundry Dorianbund-3,MediaCompany,DOR5,111838.60568033226,13811046.030932633,-95.28957376201639,192.15253908644604,company;economic
strategiccompany_5ad802b586,Cybersecurity Arc Dorianbund-4,StrategicCompany,DOR5,163595.13589307416,23817776.429043464,-258.18683459316117,455.44496961698576,company;economic
researchcompany_e7af53183d,Biotech Trust Dorianbund-5,ResearchCompany,DOR5,139363.3665394525,8039747.2610702,217.04244804109075,127.81996610764617,company;economic
strategiccompany_dfc73459f1,Defense Trust Dorianbund-6,StrategicCompany,DOR5,60791090.5004628,0,289.76731434723524,1.5306222570641907,company;economic
industrialcompany_7305cf1faa,Semiconductors Systems Dorianbund-7,IndustrialCompany,DOR5,90276.12910057379,50837087.32480737,-244.82281620907196,470.53070178605844,company;economic
industrialcompany_ff92f78c35,Energy Trust Dorianbund-8,IndustrialCompany,DOR5,81071229.53757578,109309.79299491068,190.59787478612728,33.197794806859136,company;economic
industrialcompany_b0b9362ae2,Construction Labs Dorianbund-9,IndustrialCompany,DOR5,0.0,96500282.63644658,-271.05296678284805,427.6957464549553,company;economic
industrialcompany_28d1775ee7,Housing Labs Dorianbund-10,IndustrialCompany,DOR5,4042669.1014278308,0,265.32382002748477,1.2268302596712026,company;economic
researchcompany_5ecc4cf67b,Housing Works Dorianbund-11,ResearchCompany,DOR5,2401567.2218824695,0,262.9279706506522,0.3774723762079643,company;economic
mediacompany_a4e015db60,Mobility Arc Dorianbund-12,MediaCompany,DOR5,104608.92654560857,13395504.295960886,141.39948787163118,63.74266626965342,company;economic
mediacompany_566c7b58b1,Tourism Works Dorianbund-13,MediaCompany,DOR5,166758906.03932813,0,160.74850257412953,1.0700705792539995,company;economic
strategiccompany_cd57146dac,Cybersecurity Works Dorianbund-14,StrategicCompany,DOR5,8793.70506644186,6016796.917116862,177.78520134444275,84.44657969049092,company;economic
strategiccompany_e21bd46cb2,Defense Works Dorianbund-15,StrategicCompany,DOR5,126867.52945252696,1049486.4738061258,191.69900506859352,13.737408980664657,company;economic
mediacompany_d779deff45,Culture Arc Dorianbund-16,MediaCompany,DOR5,86013175.96432643,0,159.8889553730117,2.083866994358,company;economic
mediacompany_c35fd962c4,Culture Foundry Dorianbund-17,MediaCompany,DOR5,102218.63167273556,10187129.161320975,-252.55959546193222,468.1722607241978,company;economic
industrialcompany_66b8076a5f,Energy Systems Dorianbund-18,IndustrialCompany,DOR5,42068.4216984055,75206154.00292946,95.62198710494437,202.21608296749912,company;economic
household_4ff033bceb,Household Bloc Gaiakron-1,Household,GAI6,2337564.2950131022,0,26.205530038059507,1.4115207380143915,economic
household_01d5579504,Household Bloc Gaiakron-2,Household,GAI6,2032696.0649314495,0,34.137553012015566,1.7422075333448324,economic
household_65f5986695,Household Bloc Gaiakron-3,Household,GAI6,2220589.6323296474,0,33.44878102120785,1.2668744228322983,economic
household_df0e29846f,Household Bloc Gaiakron-4,Household,GAI6,5216876.756701216,0,24.778913969527956,2.094684607359251,economic
researchcompany_ff00c1b307,Housing Arc Gaiakron-1,ResearchCompany,GAI6,425826.15526317636,11717272.360303529,-267.3920622337141,463.72229062747164,company;economic
researchcompany_46e2661204,Research Trust Gaiakron-2,ResearchCompany,GAI6,25134.982517873923,17872136.11606223,-218.8544572564703,540.201864456646,company;economic
mediacompany_ee58902243,Luxury Labs Gaiakron-3,MediaCompany,GAI6,187763.61824445915,38042036.97442229,-528.5697724786473,703.0865942527431,company;economic
civiliancompany_c790521ab8,Law Foundry Gaiakron-4,CivilianCompany,GAI6,46092.34668082777,74256778.4542157,-47.16390617509106,435.0776072545322,company;economic
industrialcompany_570bd255d0,Energy Foundry Gaiakron-5,IndustrialCompany,GAI6,331518.4578368375,26746107.050422657,-251.54817200783785,390.1423050487542,company;economic
mediacompany_4b78ef88e5,Tourism Systems Gaiakron-6,MediaCompany,GAI6,139478.04098667583,103452192.28846833,-475.05261799075527,594.0675251260074,company;economic
mediacompany_2cc50ce509,Mobility Arc Gaiakron-7,MediaCompany,GAI6,2041433.7321347187,0,199.7823235877907,3.0495763447389055,company;economic
civiliancompany_2ea77ad4be,Law Trust Gaiakron-8,CivilianCompany,GAI6,130582.94276788709,47045929.456062585,-281.41174992606034,564.2125910164681,company;economic
civiliancompany_3320f88654,Housing Guild Gaiakron-9,CivilianCompany,GAI6,97917.11313832153,59736739.13835933,-283.83635746031047,436.255049631792,company;economic
researchcompany_e9445dda9b,Finance Arc Gaiakron-10,ResearchCompany,GAI6,92636.36131797687,3552717.640432764,-117.98142310995313,209.1759045272016,company;economic
mediacompany_f1547aaae2,Finance Guild Gaiakron-11,MediaCompany,GAI6,46789.40817453235,113464880.38753477,-390.72365633797483,478.8664103067296,company;economic
strategiccompany_13a7009403,Agriculture Trust Gaiakron-12,StrategicCompany,GAI6,46319.31090984158,4804353.608568598,172.38223750584342,95.74008735763213,company;economic
industrialcompany_2fbb0b271e,Luxury Labs Gaiakron-13,IndustrialCompany,GAI6,315012.0336571092,120911454.16306922,-707.4859529274041,961.6667242445537,company;economic
researchcompany_5414034d35,Education Labs Gaiakron-14,ResearchCompany,GAI6,48475.450591991845,101290109.4970227,-427.4294747951431,627.0139077787343,company;economic
researchcompany_ccc9645cc8,Finance Trust Gaiakron-15,ResearchCompany,GAI6,7184503.183698907,0,166.0171504884946,3.9090086004208575,company;economic
mediacompany_956134b877,Culture Guild Gaiakron-16,MediaCompany,GAI6,69856.62275483883,70495431.87704727,-351.59757097720416,599.0862544956017,company;economic
researchcompany_5b7d52bf1d,Insurance Works Gaiakron-17,ResearchCompany,GAI6,15274.159252046928,15880280.442126948,-62.71671475848619,259.31607245498606,company;economic
mediacompany_9b600f3eba,Culture Guild Gaiakron-18,MediaCompany,GAI6,134796.2863109221,112391807.87900302,-509.5303522498779,635.1593441786996,company;economic
household_01060a9d3b,Household Bloc Wegarepublik-1,Household,WEG7,1829582.0999582622,0,29.443524595998067,1.5720814217666614,economic
household_7c56b6d3f2,Household Bloc Wegarepublik-2,Household,WEG7,7972945.019569549,0,37.63889500622747,0.4382774449324469,economic
household_2814fc0dce,Household Bloc Wegarepublik-3,Household,WEG7,7014749.454399128,0,23.377759495302396,1.5244389536817626,economic
household_dd88859121,Household Bloc Wegarepublik-4,Household,WEG7,3257339.321039911,0,30.096464331198064,2.280872038106782,economic
mediacompany_b624140b9b,Culture Foundry Wegarepublik-1,MediaCompany,WEG7,418369.3658033518,116039193.79004523,-439.96462336182685,656.401268639683,company;economic
industrialcompany_5e44895034,Water Arc Wegarepublik-2,IndustrialCompany,WEG7,30311.50895066661,66814170.7167218,-406.14653359899063,637.2166200269393,company;economic
strategiccompany_b68087adf3,Housing Trust Wegarepublik-3,StrategicCompany,WEG7,64583.13788454237,30061246.311718304,40.153124969405084,253.02369640611153,company;economic
platformcompany_218092c415,Health Labs Wegarepublik-4,PlatformCompany,WEG7,6844891.4197555855,62668.080189681394,157.22418953874484,93.07166991585783,company;economic
researchcompany_3e9bd00197,Research Foundry Wegarepublik-5,ResearchCompany,WEG7,28945.48013094478,51457296.967563406,74.02022916283909,200.83595811287879,company;economic
mediacompany_4e3ca4c98b,Media Systems Wegarepublik-6,MediaCompany,WEG7,0.0,10753407.811248533,14.375780670838633,161.32743486831632,company;economic
industrialcompany_31a258a62f,Logistics Labs Wegarepublik-7,IndustrialCompany,WEG7,2122257.9592438256,0,185.4883173419775,0.7780281700742484,company;economic
strategiccompany_fbf8b5b323,Defense Guild Wegarepublik-8,StrategicCompany,WEG7,45837.34459704106,7673962.632187242,156.53496252718037,238.0613488981913,company;economic
industrialcompany_56deecf925,Water Labs Wegarepublik-9,IndustrialCompany,WEG7,171936.39989615523,77137103.29778577,-159.22932356298546,376.52452745289946,company;economic
researchcompany_145e5b1cb2,Software Guild Wegarepublik-10,ResearchCompany,WEG7,9332976.113790995,0,252.88378265373092,2.205668889011366,company;economic
industrialcompany_4609f3ee00,Construction Systems Wegarepublik-11,IndustrialCompany,WEG7,80323.62885729283,79739040.96528992,-156.16987306922428,415.4147464022034,company;economic
strategiccompany_864619ce5c,Defense Labs Wegarepublik-12,StrategicCompany,WEG7,82514.33662748092,70464363.872884,-156.32723073745873,485.7642508709314,company;economic
researchcompany_9242ab4bc1,Education Works Wegarepublik-13,ResearchCompany,WEG7,1887413.0297780908,0,218.41022813985873,3.0372172617467394,company;economic
industrialcompany_7b180aa09c,Health Arc Wegarepublik-14,IndustrialCompany,WEG7,6238.974089752168,33405283.32228719,-151.16992244443074,462.279920048198,company;economic
platformcompany_f898a5236b,Luxury Guild Wegarepublik-15,PlatformCompany,WEG7,35605.189854837,50194299.28320584,-380.36824574296026,502.76429923075744,company;economic
mediacompany_825d5e1a11,Culture Guild Wegarepublik-16,MediaCompany,WEG7,45061.63910823327,29325943.38686877,-314.8513178197142,470.52585659322233,company;economic
platformcompany_b4770687eb,Insurance Works Wegarepublik-17,PlatformCompany,WEG7,144022.1323933884,28658533.408317275,-341.5983544119855,547.0514627030752,company;economic
researchcompany_bafb1fdc2f,Law Systems Wegarepublik-18,ResearchCompany,WEG7,412006.70901501,66352182.50348843,-124.55469446349862,355.61665032602656,company;economic
